Iso3_code,Country,Region,Subregion,Indicator,Year,Unit of measurement,VALUE,Source
AIA,Anguilla,Americas,Latin America and the Caribbean,Persons held,2010,"Rate per 100,000 population",440.3446836,WPB-ICPR
ARG,Argentina,Americas,Latin America and the Caribbean,Persons held,2010,"Rate per 100,000 population",144.1041916,CTS
ATG,Antigua and Barbuda,Americas,Latin America and the Caribbean,Persons held,2010,"Rate per 100,000 population",344.2441216,WPB-ICPR/Country Economy/CTS
BHS,Bahamas,Americas,Latin America and the Caribbean,Persons held,2010,"Rate per 100,000 population",342.3776763,CTS/WPB-ICPR
BLZ,Belize,Americas,Latin America and the Caribbean,Persons held,2010,"Rate per 100,000 population",720.8795849,External/CTS/MoI/WPB-ICPR
BOL,Bolivia (Plurinational State of),Americas,Latin America and the Caribbean,Persons held,2010,"Rate per 100,000 population",92.0057913,External/CTS/SDG/WPB-ICPR
BRA,Brazil,Americas,Latin America and the Caribbean,Persons held,2010,"Rate per 100,000 population",261.7493556,External/CTS/WPB-ICPR
BRB,Barbados,Americas,Latin America and the Caribbean,Persons held,2010,"Rate per 100,000 population",331.2572121,External/CTS/WPB-ICPR
CAN,Canada,Americas,Northern America,Persons held,2010,"Rate per 100,000 population",116.2692353,CTS
CHL,Chile,Americas,Latin America and the Caribbean,Persons held,2010,"Rate per 100,000 population",353.7251645,CTS/WPB-ICPR
COL,Colombia,Americas,Latin America and the Caribbean,Persons held,2010,"Rate per 100,000 population",191.9577666,CTS/WPB-ICPR
CRI,Costa Rica,Americas,Latin America and the Caribbean,Persons held,2010,"Rate per 100,000 population",229.3254705,CTS/WPB-ICPR
CUW,Curaçao,Americas,Latin America and the Caribbean,Persons held,2010,"Rate per 100,000 population",339.4413962,External/WPB-ICPR
CYM,Cayman Islands,Americas,Latin America and the Caribbean,Persons held,2010,"Rate per 100,000 population",392.0589568,External
DMA,Dominica,Americas,Latin America and the Caribbean,Persons held,2010,"Rate per 100,000 population",429.0597047,External/CTS/WPB-ICPR
DOM,Dominican Republic,Americas,Latin America and the Caribbean,Persons held,2010,"Rate per 100,000 population",212.1882146,External/CTS/NGO/WPB-ICPR
ECU,Ecuador,Americas,Latin America and the Caribbean,Persons held,2010,"Rate per 100,000 population",78.72132288,CTS/External/WPB-ICPR
GRD,Grenada,Americas,Latin America and the Caribbean,Persons held,2010,"Rate per 100,000 population",384.0791308,External/CTS
GRL,Greenland,Americas,Northern America,Persons held,2010,"Rate per 100,000 population",303.4551295,External/WPB-ICPR
GTM,Guatemala,Americas,Latin America and the Caribbean,Persons held,2010,"Rate per 100,000 population",76.65479783,External/CTS/WPB-ICPR
GUF,French Guiana,Americas,Latin America and the Caribbean,Persons held,2010,"Rate per 100,000 population",312.973975,External/WPB-ICPR
GUY,Guyana,Americas,Latin America and the Caribbean,Persons held,2010,"Rate per 100,000 population",288.7965007,CTS/WPB-ICPR
HND,Honduras,Americas,Latin America and the Caribbean,Persons held,2010,"Rate per 100,000 population",139.2745712,External/CTS
HTI,Haiti,Americas,Latin America and the Caribbean,Persons held,2010,"Rate per 100,000 population",54.16097727,External
JAM,Jamaica,Americas,Latin America and the Caribbean,Persons held,2010,"Rate per 100,000 population",149.0546824,External/CTS/SDG
KNA,Saint Kitts and Nevis,Americas,Latin America and the Caribbean,Persons held,2010,"Rate per 100,000 population",594.899057,External/CTS
LCA,Saint Lucia,Americas,Latin America and the Caribbean,Persons held,2010,"Rate per 100,000 population",307.7193085,External/CTS
MEX,Mexico,Americas,Latin America and the Caribbean,Persons held,2010,"Rate per 100,000 population",167.0745485,CTS/External/SDG/WPB-ICPR
NIC,Nicaragua,Americas,Latin America and the Caribbean,Persons held,2010,"Rate per 100,000 population",115.9376532,WPB-ICPR/CTS
PAN,Panama,Americas,Latin America and the Caribbean,Persons held,2010,"Rate per 100,000 population",346.1182092,CTS/PPR/WPB-ICPR
PER,Peru,Americas,Latin America and the Caribbean,Persons held,2010,"Rate per 100,000 population",155.5411075,CTS/SDG/WPB-ICPR
PRI,Puerto Rico,Americas,Latin America and the Caribbean,Persons held,2010,"Rate per 100,000 population",293.0131401,External/CTS
PRY,Paraguay,Americas,Latin America and the Caribbean,Persons held,2010,"Rate per 100,000 population",111.2399212,CTS/WPB-ICPR
SLV,El Salvador,Americas,Latin America and the Caribbean,Persons held,2010,"Rate per 100,000 population",428.7512607,External/CTS/WPB-ICPR
TTO,Trinidad and Tobago,Americas,Latin America and the Caribbean,Persons held,2010,"Rate per 100,000 population",261.7181074,CTS/External/NGO/WPB-ICPR
URY,Uruguay,Americas,Latin America and the Caribbean,Persons held,2010,"Rate per 100,000 population",259.496142,CTS/External/UN-Covid Initiative/WPB-ICPR
USA,United States of America,Americas,Northern America,Persons held,2010,"Rate per 100,000 population",732.3989856,External/CTS
VCT,Saint Vincent and the Grenadines,Americas,Latin America and the Caribbean,Persons held,2010,"Rate per 100,000 population",950.5294696,CTS/External/NGO/WPB-ICPR
VEN,Venezuela (Bolivarian Republic of),Americas,Latin America and the Caribbean,Persons held,2010,"Rate per 100,000 population",142.1729713,External/WPB-ICPR/SDG
VGB,British Virgin Islands,Americas,Latin America and the Caribbean,Persons held,2010,"Rate per 100,000 population",424.589926,External/WPB-ICPR
VIR,United States Virgin Islands,Americas,Latin America and the Caribbean,Persons held,2010,"Rate per 100,000 population",543.6113885,External/WPB-ICPR
ABW,Aruba,Americas,Latin America and the Caribbean,Persons held,2011,"Rate per 100,000 population",242.8718111,External
ARG,Argentina,Americas,Latin America and the Caribbean,Persons held,2011,"Rate per 100,000 population",146.4063502,CTS
BHS,Bahamas,Americas,Latin America and the Caribbean,Persons held,2011,"Rate per 100,000 population",359.8359571,CTS/WPB-ICPR
BLZ,Belize,Americas,Latin America and the Caribbean,Persons held,2011,"Rate per 100,000 population",694.3064143,External/CTS/MoI/WPB-ICPR
BOL,Bolivia (Plurinational State of),Americas,Latin America and the Caribbean,Persons held,2011,"Rate per 100,000 population",107.6831054,External/CTS/SDG/WPB-ICPR
BRA,Brazil,Americas,Latin America and the Caribbean,Persons held,2011,"Rate per 100,000 population",269.7500746,External/CTS/WPB-ICPR
BRB,Barbados,Americas,Latin America and the Caribbean,Persons held,2011,"Rate per 100,000 population",384.7738455,External/CTS/WPB-ICPR
CAN,Canada,Americas,Northern America,Persons held,2011,"Rate per 100,000 population",117.2053073,CTS
CHL,Chile,Americas,Latin America and the Caribbean,Persons held,2011,"Rate per 100,000 population",354.9115842,CTS/WPB-ICPR
COL,Colombia,Americas,Latin America and the Caribbean,Persons held,2011,"Rate per 100,000 population",221.7025819,CTS/WPB-ICPR
CRI,Costa Rica,Americas,Latin America and the Caribbean,Persons held,2011,"Rate per 100,000 population",261.2434191,CTS/WPB-ICPR
DOM,Dominican Republic,Americas,Latin America and the Caribbean,Persons held,2011,"Rate per 100,000 population",220.8762208,External/CTS/NGO/WPB-ICPR
GLP,Guadeloupe,Americas,Latin America and the Caribbean,Persons held,2011,"Rate per 100,000 population",194.4719368,External/WPB-ICPR
GRD,Grenada,Americas,Latin America and the Caribbean,Persons held,2011,"Rate per 100,000 population",397.6748638,External/CTS
GUY,Guyana,Americas,Latin America and the Caribbean,Persons held,2011,"Rate per 100,000 population",273.4369751,CTS/WPB-ICPR
HND,Honduras,Americas,Latin America and the Caribbean,Persons held,2011,"Rate per 100,000 population",142.4180179,External/CTS
JAM,Jamaica,Americas,Latin America and the Caribbean,Persons held,2011,"Rate per 100,000 population",161.9346512,External/CTS/SDG
KNA,Saint Kitts and Nevis,Americas,Latin America and the Caribbean,Persons held,2011,"Rate per 100,000 population",727.1733762,External/CTS
MEX,Mexico,Americas,Latin America and the Caribbean,Persons held,2011,"Rate per 100,000 population",187.2598329,CTS/External/SDG/WPB-ICPR
MTQ,Martinique,Americas,Latin America and the Caribbean,Persons held,2011,"Rate per 100,000 population",227.1452716,External/WPB-ICPR
PAN,Panama,Americas,Latin America and the Caribbean,Persons held,2011,"Rate per 100,000 population",358.0419414,CTS/PPR/WPB-ICPR
PER,Peru,Americas,Latin America and the Caribbean,Persons held,2011,"Rate per 100,000 population",166.9260631,CTS/SDG/WPB-ICPR
PRI,Puerto Rico,Americas,Latin America and the Caribbean,Persons held,2011,"Rate per 100,000 population",310.7042069,External/CTS
PRY,Paraguay,Americas,Latin America and the Caribbean,Persons held,2011,"Rate per 100,000 population",122.5372238,CTS/WPB-ICPR
SLV,El Salvador,Americas,Latin America and the Caribbean,Persons held,2011,"Rate per 100,000 population",413.3218115,External/CTS/WPB-ICPR
SUR,Suriname,Americas,Latin America and the Caribbean,Persons held,2011,"Rate per 100,000 population",182.9224671,External/CTS
TTO,Trinidad and Tobago,Americas,Latin America and the Caribbean,Persons held,2011,"Rate per 100,000 population",301.8971564,CTS/External/NGO/WPB-ICPR
URY,Uruguay,Americas,Latin America and the Caribbean,Persons held,2011,"Rate per 100,000 population",269.8089845,CTS/External/UN-Covid Initiative/WPB-ICPR
USA,United States of America,Americas,Northern America,Persons held,2011,"Rate per 100,000 population",717.6386959,External/CTS
VCT,Saint Vincent and the Grenadines,Americas,Latin America and the Caribbean,Persons held,2011,"Rate per 100,000 population",1166.486511,CTS/External/NGO/WPB-ICPR
AIA,Anguilla,Americas,Latin America and the Caribbean,Persons held,2012,"Rate per 100,000 population",564.8457822,WPB-ICPR
ARG,Argentina,Americas,Latin America and the Caribbean,Persons held,2012,"Rate per 100,000 population",148.4135638,CTS
ATG,Antigua and Barbuda,Americas,Latin America and the Caribbean,Persons held,2012,"Rate per 100,000 population",411.7526291,WPB-ICPR/Country Economy/CTS
BHS,Bahamas,Americas,Latin America and the Caribbean,Persons held,2012,"Rate per 100,000 population",375.0709965,CTS/WPB-ICPR
BLZ,Belize,Americas,Latin America and the Caribbean,Persons held,2012,"Rate per 100,000 population",755.3573707,External/CTS/MoI/WPB-ICPR
BMU,Bermuda,Americas,Northern America,Persons held,2012,"Rate per 100,000 population",396.472652,CTS/External/WPB-ICPR
BOL,Bolivia (Plurinational State of),Americas,Latin America and the Caribbean,Persons held,2012,"Rate per 100,000 population",135.0275225,External/CTS/SDG/WPB-ICPR
BRA,Brazil,Americas,Latin America and the Caribbean,Persons held,2012,"Rate per 100,000 population",285.1907895,External/CTS/WPB-ICPR
BRB,Barbados,Americas,Latin America and the Caribbean,Persons held,2012,"Rate per 100,000 population",378.3524471,External/CTS/WPB-ICPR
CAN,Canada,Americas,Northern America,Persons held,2012,"Rate per 100,000 population",117.3704099,CTS
CHL,Chile,Americas,Latin America and the Caribbean,Persons held,2012,"Rate per 100,000 population",335.9172486,CTS/WPB-ICPR
COL,Colombia,Americas,Latin America and the Caribbean,Persons held,2012,"Rate per 100,000 population",248.7505192,CTS/WPB-ICPR
CRI,Costa Rica,Americas,Latin America and the Caribbean,Persons held,2012,"Rate per 100,000 population",283.0515222,CTS/WPB-ICPR
CUB,Cuba,Americas,Latin America and the Caribbean,Persons held,2012,"Rate per 100,000 population",506.9902708,External
CUW,Curaçao,Americas,Latin America and the Caribbean,Persons held,2012,"Rate per 100,000 population",268.3769598,External/WPB-ICPR
CYM,Cayman Islands,Americas,Latin America and the Caribbean,Persons held,2012,"Rate per 100,000 population",325.3605346,External
DMA,Dominica,Americas,Latin America and the Caribbean,Persons held,2012,"Rate per 100,000 population",399.1958019,External/CTS/WPB-ICPR
DOM,Dominican Republic,Americas,Latin America and the Caribbean,Persons held,2012,"Rate per 100,000 population",239.6997473,External/CTS/NGO/WPB-ICPR
ECU,Ecuador,Americas,Latin America and the Caribbean,Persons held,2012,"Rate per 100,000 population",137.5946847,CTS/External/WPB-ICPR
GRD,Grenada,Americas,Latin America and the Caribbean,Persons held,2012,"Rate per 100,000 population",421.869945,External/CTS
GRL,Greenland,Americas,Northern America,Persons held,2012,"Rate per 100,000 population",302.499177,External/WPB-ICPR
GTM,Guatemala,Americas,Latin America and the Caribbean,Persons held,2012,"Rate per 100,000 population",99.23781288,External/CTS/WPB-ICPR
GUF,French Guiana,Americas,Latin America and the Caribbean,Persons held,2012,"Rate per 100,000 population",273.36223,External/WPB-ICPR
GUY,Guyana,Americas,Latin America and the Caribbean,Persons held,2012,"Rate per 100,000 population",273.1307614,CTS/WPB-ICPR
HND,Honduras,Americas,Latin America and the Caribbean,Persons held,2012,"Rate per 100,000 population",137.5625095,External/CTS
HTI,Haiti,Americas,Latin America and the Caribbean,Persons held,2012,"Rate per 100,000 population",86.28348765,External
JAM,Jamaica,Americas,Latin America and the Caribbean,Persons held,2012,"Rate per 100,000 population",157.6553808,External/CTS/SDG
KNA,Saint Kitts and Nevis,Americas,Latin America and the Caribbean,Persons held,2012,"Rate per 100,000 population",766.8615249,External/CTS
LCA,Saint Lucia,Americas,Latin America and the Caribbean,Persons held,2012,"Rate per 100,000 population",328.0885377,External/CTS
MEX,Mexico,Americas,Latin America and the Caribbean,Persons held,2012,"Rate per 100,000 population",179.0647249,CTS/External/SDG/WPB-ICPR
NIC,Nicaragua,Americas,Latin America and the Caribbean,Persons held,2012,"Rate per 100,000 population",152.0244977,WPB-ICPR/CTS
PAN,Panama,Americas,Latin America and the Caribbean,Persons held,2012,"Rate per 100,000 population",385.659979,CTS/PPR/WPB-ICPR
PER,Peru,Americas,Latin America and the Caribbean,Persons held,2012,"Rate per 100,000 population",195.5354745,CTS/SDG/WPB-ICPR
PRI,Puerto Rico,Americas,Latin America and the Caribbean,Persons held,2012,"Rate per 100,000 population",334.7195234,External/CTS
PRY,Paraguay,Americas,Latin America and the Caribbean,Persons held,2012,"Rate per 100,000 population",138.3345359,CTS/WPB-ICPR
SLV,El Salvador,Americas,Latin America and the Caribbean,Persons held,2012,"Rate per 100,000 population",460.666591,External/CTS/WPB-ICPR
SXM,Sint Maarten (Dutch part),Americas,Latin America and the Caribbean,Persons held,2012,"Rate per 100,000 population",512.2513447,External/WPB-ICPR
TTO,Trinidad and Tobago,Americas,Latin America and the Caribbean,Persons held,2012,"Rate per 100,000 population",259.3722702,CTS/External/NGO/WPB-ICPR
URY,Uruguay,Americas,Latin America and the Caribbean,Persons held,2012,"Rate per 100,000 population",279.3719915,CTS/External/UN-Covid Initiative/WPB-ICPR
USA,United States of America,Americas,Northern America,Persons held,2012,"Rate per 100,000 population",704.6867807,External/CTS
VEN,Venezuela (Bolivarian Republic of),Americas,Latin America and the Caribbean,Persons held,2012,"Rate per 100,000 population",153.4555354,External/WPB-ICPR/SDG
VGB,British Virgin Islands,Americas,Latin America and the Caribbean,Persons held,2012,"Rate per 100,000 population",485.5564547,External/WPB-ICPR
VIR,United States Virgin Islands,Americas,Latin America and the Caribbean,Persons held,2012,"Rate per 100,000 population",550.7144016,External/WPB-ICPR
ABW,Aruba,Americas,Latin America and the Caribbean,Persons held,2013,"Rate per 100,000 population",233.281493,External
ARG,Argentina,Americas,Latin America and the Caribbean,Persons held,2013,"Rate per 100,000 population",151.6646032,CTS
ATG,Antigua and Barbuda,Americas,Latin America and the Caribbean,Persons held,2013,"Rate per 100,000 population",419.2232505,WPB-ICPR/Country Economy/CTS
BLZ,Belize,Americas,Latin America and the Caribbean,Persons held,2013,"Rate per 100,000 population",763.5902085,External/CTS/MoI/WPB-ICPR
BOL,Bolivia (Plurinational State of),Americas,Latin America and the Caribbean,Persons held,2013,"Rate per 100,000 population",134.1760377,External/CTS/SDG/WPB-ICPR
BRA,Brazil,Americas,Latin America and the Caribbean,Persons held,2013,"Rate per 100,000 population",300.5168996,External/CTS/WPB-ICPR
BRB,Barbados,Americas,Latin America and the Caribbean,Persons held,2013,"Rate per 100,000 population",327.9576689,External/CTS/WPB-ICPR
CAN,Canada,Americas,Northern America,Persons held,2013,"Rate per 100,000 population",107.9863498,CTS
CHL,Chile,Americas,Latin America and the Caribbean,Persons held,2013,"Rate per 100,000 population",302.9710379,CTS/WPB-ICPR
COL,Colombia,Americas,Latin America and the Caribbean,Persons held,2013,"Rate per 100,000 population",259.5963963,CTS/WPB-ICPR
CRI,Costa Rica,Americas,Latin America and the Caribbean,Persons held,2013,"Rate per 100,000 population",284.8147827,CTS/WPB-ICPR
DMA,Dominica,Americas,Latin America and the Caribbean,Persons held,2013,"Rate per 100,000 population",386.5239725,External/CTS/WPB-ICPR
DOM,Dominican Republic,Americas,Latin America and the Caribbean,Persons held,2013,"Rate per 100,000 population",243.6140175,External/CTS/NGO/WPB-ICPR
ECU,Ecuador,Americas,Latin America and the Caribbean,Persons held,2013,"Rate per 100,000 population",162.1447372,CTS/External/WPB-ICPR
GLP,Guadeloupe,Americas,Latin America and the Caribbean,Persons held,2013,"Rate per 100,000 population",216.4798047,External/WPB-ICPR
GRD,Grenada,Americas,Latin America and the Caribbean,Persons held,2013,"Rate per 100,000 population",410.4511114,External/CTS
GTM,Guatemala,Americas,Latin America and the Caribbean,Persons held,2013,"Rate per 100,000 population",105.922055,External/CTS/WPB-ICPR
GUY,Guyana,Americas,Latin America and the Caribbean,Persons held,2013,"Rate per 100,000 population",267.3194005,CTS/WPB-ICPR
HND,Honduras,Americas,Latin America and the Caribbean,Persons held,2013,"Rate per 100,000 population",147.1320686,External/CTS
HTI,Haiti,Americas,Latin America and the Caribbean,Persons held,2013,"Rate per 100,000 population",96.83072341,External
JAM,Jamaica,Americas,Latin America and the Caribbean,Persons held,2013,"Rate per 100,000 population",147.7392505,External/CTS/SDG
KNA,Saint Kitts and Nevis,Americas,Latin America and the Caribbean,Persons held,2013,"Rate per 100,000 population",690.8607497,External/CTS
MEX,Mexico,Americas,Latin America and the Caribbean,Persons held,2013,"Rate per 100,000 population",186.1810246,CTS/External/SDG/WPB-ICPR
MTQ,Martinique,Americas,Latin America and the Caribbean,Persons held,2013,"Rate per 100,000 population",238.6110653,External/WPB-ICPR
PAN,Panama,Americas,Latin America and the Caribbean,Persons held,2013,"Rate per 100,000 population",411.6647774,CTS/PPR/WPB-ICPR
PER,Peru,Americas,Latin America and the Caribbean,Persons held,2013,"Rate per 100,000 population",225.0322241,CTS/SDG/WPB-ICPR
PRI,Puerto Rico,Americas,Latin America and the Caribbean,Persons held,2013,"Rate per 100,000 population",338.7535,External/CTS
PRY,Paraguay,Americas,Latin America and the Caribbean,Persons held,2013,"Rate per 100,000 population",153.7385117,CTS/WPB-ICPR
SLV,El Salvador,Americas,Latin America and the Caribbean,Persons held,2013,"Rate per 100,000 population",434.0373696,External/CTS/WPB-ICPR
TTO,Trinidad and Tobago,Americas,Latin America and the Caribbean,Persons held,2013,"Rate per 100,000 population",250.9145541,CTS/External/NGO/WPB-ICPR
URY,Uruguay,Americas,Latin America and the Caribbean,Persons held,2013,"Rate per 100,000 population",279.4290337,CTS/External/UN-Covid Initiative/WPB-ICPR
USA,United States of America,Americas,Northern America,Persons held,2013,"Rate per 100,000 population",695.8900493,External/CTS
VIR,United States Virgin Islands,Americas,Latin America and the Caribbean,Persons held,2013,"Rate per 100,000 population",554.4984528,External/WPB-ICPR
ABW,Aruba,Americas,Latin America and the Caribbean,Persons held,2014,"Rate per 100,000 population",164.1021681,External
AIA,Anguilla,Americas,Latin America and the Caribbean,Persons held,2014,"Rate per 100,000 population",424.9141319,WPB-ICPR
ARG,Argentina,Americas,Latin America and the Caribbean,Persons held,2014,"Rate per 100,000 population",161.2645099,CTS
ATG,Antigua and Barbuda,Americas,Latin America and the Caribbean,Persons held,2014,"Rate per 100,000 population",370.9265319,WPB-ICPR/Country Economy/CTS
BHS,Bahamas,Americas,Latin America and the Caribbean,Persons held,2014,"Rate per 100,000 population",358.7480823,CTS/WPB-ICPR
BLZ,Belize,Americas,Latin America and the Caribbean,Persons held,2014,"Rate per 100,000 population",739.6369932,External/CTS/MoI/WPB-ICPR
BMU,Bermuda,Americas,Northern America,Persons held,2014,"Rate per 100,000 population",363.033699,CTS/External/WPB-ICPR
BOL,Bolivia (Plurinational State of),Americas,Latin America and the Caribbean,Persons held,2014,"Rate per 100,000 population",130.2557139,External/CTS/SDG/WPB-ICPR
BRA,Brazil,Americas,Latin America and the Caribbean,Persons held,2014,"Rate per 100,000 population",298.6985373,External/CTS/WPB-ICPR
BRB,Barbados,Americas,Latin America and the Caribbean,Persons held,2014,"Rate per 100,000 population",333.341742,External/CTS/WPB-ICPR
CAN,Canada,Americas,Northern America,Persons held,2014,"Rate per 100,000 population",114.8522814,CTS
CHL,Chile,Americas,Latin America and the Caribbean,Persons held,2014,"Rate per 100,000 population",278.4966316,CTS/WPB-ICPR
COL,Colombia,Americas,Latin America and the Caribbean,Persons held,2014,"Rate per 100,000 population",243.4190176,CTS/WPB-ICPR
CRI,Costa Rica,Americas,Latin America and the Caribbean,Persons held,2014,"Rate per 100,000 population",285.9862702,CTS/WPB-ICPR
CUW,Curaçao,Americas,Latin America and the Caribbean,Persons held,2014,"Rate per 100,000 population",207.1114206,External/WPB-ICPR
CYM,Cayman Islands,Americas,Latin America and the Caribbean,Persons held,2014,"Rate per 100,000 population",312.2927493,External
DMA,Dominica,Americas,Latin America and the Caribbean,Persons held,2014,"Rate per 100,000 population",269.565092,External/CTS/WPB-ICPR
DOM,Dominican Republic,Americas,Latin America and the Caribbean,Persons held,2014,"Rate per 100,000 population",245.1149399,External/CTS/NGO/WPB-ICPR
ECU,Ecuador,Americas,Latin America and the Caribbean,Persons held,2014,"Rate per 100,000 population",150.6204351,CTS/External/WPB-ICPR
GRD,Grenada,Americas,Latin America and the Caribbean,Persons held,2014,"Rate per 100,000 population",439.0853801,External/CTS
GRL,Greenland,Americas,Northern America,Persons held,2014,"Rate per 100,000 population",234.1271614,External/WPB-ICPR
GTM,Guatemala,Americas,Latin America and the Caribbean,Persons held,2014,"Rate per 100,000 population",117.2540719,External/CTS/WPB-ICPR
GUF,French Guiana,Americas,Latin America and the Caribbean,Persons held,2014,"Rate per 100,000 population",270.5164876,External/WPB-ICPR
GUY,Guyana,Americas,Latin America and the Caribbean,Persons held,2014,"Rate per 100,000 population",261.8773424,CTS/WPB-ICPR
HND,Honduras,Americas,Latin America and the Caribbean,Persons held,2014,"Rate per 100,000 population",163.0395516,External/CTS
HTI,Haiti,Americas,Latin America and the Caribbean,Persons held,2014,"Rate per 100,000 population",100.4634707,External
JAM,Jamaica,Americas,Latin America and the Caribbean,Persons held,2014,"Rate per 100,000 population",144.7634316,External/CTS/SDG
KNA,Saint Kitts and Nevis,Americas,Latin America and the Caribbean,Persons held,2014,"Rate per 100,000 population",698.8982936,External/CTS
LCA,Saint Lucia,Americas,Latin America and the Caribbean,Persons held,2014,"Rate per 100,000 population",362.6929667,External/CTS
MEX,Mexico,Americas,Latin America and the Caribbean,Persons held,2014,"Rate per 100,000 population",192.0081646,CTS/External/SDG/WPB-ICPR
NIC,Nicaragua,Americas,Latin America and the Caribbean,Persons held,2014,"Rate per 100,000 population",170.2295441,WPB-ICPR/CTS
PAN,Panama,Americas,Latin America and the Caribbean,Persons held,2014,"Rate per 100,000 population",403.4671431,CTS/PPR/WPB-ICPR
PER,Peru,Americas,Latin America and the Caribbean,Persons held,2014,"Rate per 100,000 population",243.2829874,CTS/SDG/WPB-ICPR
PRI,Puerto Rico,Americas,Latin America and the Caribbean,Persons held,2014,"Rate per 100,000 population",346.2630237,External/CTS
PRY,Paraguay,Americas,Latin America and the Caribbean,Persons held,2014,"Rate per 100,000 population",183.3280493,CTS/WPB-ICPR
SLV,El Salvador,Americas,Latin America and the Caribbean,Persons held,2014,"Rate per 100,000 population",478.200713,External/CTS/WPB-ICPR
SXM,Sint Maarten (Dutch part),Americas,Latin America and the Caribbean,Persons held,2014,"Rate per 100,000 population",411.7594404,External/WPB-ICPR
TTO,Trinidad and Tobago,Americas,Latin America and the Caribbean,Persons held,2014,"Rate per 100,000 population",232.9282996,CTS/External/NGO/WPB-ICPR
URY,Uruguay,Americas,Latin America and the Caribbean,Persons held,2014,"Rate per 100,000 population",281.3370379,CTS/External/UN-Covid Initiative/WPB-ICPR
USA,United States of America,Americas,Northern America,Persons held,2014,"Rate per 100,000 population",690.9519654,External/CTS
VEN,Venezuela (Bolivarian Republic of),Americas,Latin America and the Caribbean,Persons held,2014,"Rate per 100,000 population",169.7597495,External/WPB-ICPR/SDG
VGB,British Virgin Islands,Americas,Latin America and the Caribbean,Persons held,2014,"Rate per 100,000 population",462.531497,External/WPB-ICPR
ARG,Argentina,Americas,Latin America and the Caribbean,Persons held,2015,"Rate per 100,000 population",168.0488474,CTS
BMU,Bermuda,Americas,Northern America,Persons held,2015,"Rate per 100,000 population",330.9894844,CTS/External/WPB-ICPR
BOL,Bolivia (Plurinational State of),Americas,Latin America and the Caribbean,Persons held,2015,"Rate per 100,000 population",123.2812858,External/CTS/SDG/WPB-ICPR
BRA,Brazil,Americas,Latin America and the Caribbean,Persons held,2015,"Rate per 100,000 population",340.4766858,External/CTS/WPB-ICPR
BRB,Barbados,Americas,Latin America and the Caribbean,Persons held,2015,"Rate per 100,000 population",343.0630423,External/CTS/WPB-ICPR
CAN,Canada,Americas,Northern America,Persons held,2015,"Rate per 100,000 population",115.2156466,CTS
CHL,Chile,Americas,Latin America and the Caribbean,Persons held,2015,"Rate per 100,000 population",267.3288669,CTS/WPB-ICPR
COL,Colombia,Americas,Latin America and the Caribbean,Persons held,2015,"Rate per 100,000 population",255.612681,CTS/WPB-ICPR
CRI,Costa Rica,Americas,Latin America and the Caribbean,Persons held,2015,"Rate per 100,000 population",285.9715618,CTS/WPB-ICPR
CYM,Cayman Islands,Americas,Latin America and the Caribbean,Persons held,2015,"Rate per 100,000 population",310.6007125,External
DMA,Dominica,Americas,Latin America and the Caribbean,Persons held,2015,"Rate per 100,000 population",258.5474206,External/CTS/WPB-ICPR
DOM,Dominican Republic,Americas,Latin America and the Caribbean,Persons held,2015,"Rate per 100,000 population",236.4251124,External/CTS/NGO/WPB-ICPR
ECU,Ecuador,Americas,Latin America and the Caribbean,Persons held,2015,"Rate per 100,000 population",175.2233374,CTS/External/WPB-ICPR
GLP,Guadeloupe,Americas,Latin America and the Caribbean,Persons held,2015,"Rate per 100,000 population",227.2678867,External/WPB-ICPR
GRD,Grenada,Americas,Latin America and the Caribbean,Persons held,2015,"Rate per 100,000 population",421.9214234,External/CTS
GRL,Greenland,Americas,Northern America,Persons held,2015,"Rate per 100,000 population",225.424684,External/WPB-ICPR
GTM,Guatemala,Americas,Latin America and the Caribbean,Persons held,2015,"Rate per 100,000 population",118.7167863,External/CTS/WPB-ICPR
GUY,Guyana,Americas,Latin America and the Caribbean,Persons held,2015,"Rate per 100,000 population",266.2142349,CTS/WPB-ICPR
HND,Honduras,Americas,Latin America and the Caribbean,Persons held,2015,"Rate per 100,000 population",173.844644,External/CTS
HTI,Haiti,Americas,Latin America and the Caribbean,Persons held,2015,"Rate per 100,000 population",104.5650709,External
JAM,Jamaica,Americas,Latin America and the Caribbean,Persons held,2015,"Rate per 100,000 population",137.9164983,External/CTS/SDG
MEX,Mexico,Americas,Latin America and the Caribbean,Persons held,2015,"Rate per 100,000 population",184.3022803,CTS/External/SDG/WPB-ICPR
MTQ,Martinique,Americas,Latin America and the Caribbean,Persons held,2015,"Rate per 100,000 population",245.1012346,External/WPB-ICPR
PAN,Panama,Americas,Latin America and the Caribbean,Persons held,2015,"Rate per 100,000 population",449.5718264,CTS/PPR/WPB-ICPR
PER,Peru,Americas,Latin America and the Caribbean,Persons held,2015,"Rate per 100,000 population",257.8319655,CTS/SDG/WPB-ICPR
PRI,Puerto Rico,Americas,Latin America and the Caribbean,Persons held,2015,"Rate per 100,000 population",324.9331277,External/CTS
PRY,Paraguay,Americas,Latin America and the Caribbean,Persons held,2015,"Rate per 100,000 population",208.7423822,CTS/WPB-ICPR
SLV,El Salvador,Americas,Latin America and the Caribbean,Persons held,2015,"Rate per 100,000 population",533.7449483,External/CTS/WPB-ICPR
URY,Uruguay,Americas,Latin America and the Caribbean,Persons held,2015,"Rate per 100,000 population",293.7565708,CTS/External/UN-Covid Initiative/WPB-ICPR
USA,United States of America,Americas,Northern America,Persons held,2015,"Rate per 100,000 population",669.3616596,External/CTS
VEN,Venezuela (Bolivarian Republic of),Americas,Latin America and the Caribbean,Persons held,2015,"Rate per 100,000 population",162.6742941,External/WPB-ICPR/SDG
AIA,Anguilla,Americas,Latin America and the Caribbean,Persons held,2016,"Rate per 100,000 population",310.5275593,WPB-ICPR
ARG,Argentina,Americas,Latin America and the Caribbean,Persons held,2016,"Rate per 100,000 population",177.4401655,CTS
ATG,Antigua and Barbuda,Americas,Latin America and the Caribbean,Persons held,2016,"Rate per 100,000 population",409.6527889,WPB-ICPR/Country Economy/CTS
BLZ,Belize,Americas,Latin America and the Caribbean,Persons held,2016,"Rate per 100,000 population",516.7262209,External/CTS/MoI/WPB-ICPR
BOL,Bolivia (Plurinational State of),Americas,Latin America and the Caribbean,Persons held,2016,"Rate per 100,000 population",142.3952582,External/CTS/SDG/WPB-ICPR
BRA,Brazil,Americas,Latin America and the Caribbean,Persons held,2016,"Rate per 100,000 population",349.0870507,External/CTS/WPB-ICPR
BRB,Barbados,Americas,Latin America and the Caribbean,Persons held,2016,"Rate per 100,000 population",327.6523512,External/CTS/WPB-ICPR
CAN,Canada,Americas,Northern America,Persons held,2016,"Rate per 100,000 population",112.89397,CTS
CHL,Chile,Americas,Latin America and the Caribbean,Persons held,2016,"Rate per 100,000 population",261.5865694,CTS/WPB-ICPR
COL,Colombia,Americas,Latin America and the Caribbean,Persons held,2016,"Rate per 100,000 population",248.8810959,CTS/WPB-ICPR
CRI,Costa Rica,Americas,Latin America and the Caribbean,Persons held,2016,"Rate per 100,000 population",269.7158156,CTS/WPB-ICPR
CUW,Curaçao,Americas,Latin America and the Caribbean,Persons held,2016,"Rate per 100,000 population",220.8042076,External/WPB-ICPR
CYM,Cayman Islands,Americas,Latin America and the Caribbean,Persons held,2016,"Rate per 100,000 population",350.1754893,External
DMA,Dominica,Americas,Latin America and the Caribbean,Persons held,2016,"Rate per 100,000 population",291.1166607,External/CTS/WPB-ICPR
DOM,Dominican Republic,Americas,Latin America and the Caribbean,Persons held,2016,"Rate per 100,000 population",159.1057176,External/CTS/NGO/WPB-ICPR
ECU,Ecuador,Americas,Latin America and the Caribbean,Persons held,2016,"Rate per 100,000 population",210.8629871,CTS/External/WPB-ICPR
GRD,Grenada,Americas,Latin America and the Caribbean,Persons held,2016,"Rate per 100,000 population",380.9412667,External/CTS
GRL,Greenland,Americas,Northern America,Persons held,2016,"Rate per 100,000 population",225.6062665,External/WPB-ICPR
GTM,Guatemala,Americas,Latin America and the Caribbean,Persons held,2016,"Rate per 100,000 population",129.095792,External/CTS/WPB-ICPR
GUF,French Guiana,Americas,Latin America and the Caribbean,Persons held,2016,"Rate per 100,000 population",334.4577048,External/WPB-ICPR
GUY,Guyana,Americas,Latin America and the Caribbean,Persons held,2016,"Rate per 100,000 population",288.7679541,CTS/WPB-ICPR
HND,Honduras,Americas,Latin America and the Caribbean,Persons held,2016,"Rate per 100,000 population",184.9104159,External/CTS
HTI,Haiti,Americas,Latin America and the Caribbean,Persons held,2016,"Rate per 100,000 population",98.35868036,External
JAM,Jamaica,Americas,Latin America and the Caribbean,Persons held,2016,"Rate per 100,000 population",135.5124023,External/CTS/SDG
KNA,Saint Kitts and Nevis,Americas,Latin America and the Caribbean,Persons held,2016,"Rate per 100,000 population",460.371436,External/CTS
LCA,Saint Lucia,Americas,Latin America and the Caribbean,Persons held,2016,"Rate per 100,000 population",316.8691738,External/CTS
MEX,Mexico,Americas,Latin America and the Caribbean,Persons held,2016,"Rate per 100,000 population",156.4978755,CTS/External/SDG/WPB-ICPR
PAN,Panama,Americas,Latin America and the Caribbean,Persons held,2016,"Rate per 100,000 population",411.8632409,CTS/PPR/WPB-ICPR
PER,Peru,Americas,Latin America and the Caribbean,Persons held,2016,"Rate per 100,000 population",270.4255902,CTS/SDG/WPB-ICPR
PRI,Puerto Rico,Americas,Latin America and the Caribbean,Persons held,2016,"Rate per 100,000 population",305.8780587,External/CTS
PRY,Paraguay,Americas,Latin America and the Caribbean,Persons held,2016,"Rate per 100,000 population",212.9538664,CTS/WPB-ICPR
SLV,El Salvador,Americas,Latin America and the Caribbean,Persons held,2016,"Rate per 100,000 population",589.1359265,External/CTS/WPB-ICPR
URY,Uruguay,Americas,Latin America and the Caribbean,Persons held,2016,"Rate per 100,000 population",309.3650824,CTS/External/UN-Covid Initiative/WPB-ICPR
USA,United States of America,Americas,Northern America,Persons held,2016,"Rate per 100,000 population",661.6847559,External/CTS
VCT,Saint Vincent and the Grenadines,Americas,Latin America and the Caribbean,Persons held,2016,"Rate per 100,000 population",937.1239825,CTS/External/NGO/WPB-ICPR
VEN,Venezuela (Bolivarian Republic of),Americas,Latin America and the Caribbean,Persons held,2016,"Rate per 100,000 population",178.0591871,External/WPB-ICPR/SDG
AIA,Anguilla,Americas,Latin America and the Caribbean,Persons held,2017,"Rate per 100,000 population",366.3003663,WPB-ICPR
ARG,Argentina,Americas,Latin America and the Caribbean,Persons held,2017,"Rate per 100,000 population",195.9590341,CTS
ATG,Antigua and Barbuda,Americas,Latin America and the Caribbean,Persons held,2017,"Rate per 100,000 population",334.7271151,WPB-ICPR/Country Economy/CTS
BHS,Bahamas,Americas,Latin America and the Caribbean,Persons held,2017,"Rate per 100,000 population",420.0290712,CTS/WPB-ICPR
BMU,Bermuda,Americas,Northern America,Persons held,2017,"Rate per 100,000 population",316.0806006,CTS/External/WPB-ICPR
BOL,Bolivia (Plurinational State of),Americas,Latin America and the Caribbean,Persons held,2017,"Rate per 100,000 population",155.969986,External/CTS/SDG/WPB-ICPR
BRA,Brazil,Americas,Latin America and the Caribbean,Persons held,2017,"Rate per 100,000 population",346.3591466,External/CTS/WPB-ICPR
BRB,Barbados,Americas,Latin America and the Caribbean,Persons held,2017,"Rate per 100,000 population",363.5556097,External/CTS/WPB-ICPR
CAN,Canada,Americas,Northern America,Persons held,2017,"Rate per 100,000 population",108.3373188,CTS
CHL,Chile,Americas,Latin America and the Caribbean,Persons held,2017,"Rate per 100,000 population",249.9377061,CTS/WPB-ICPR
COL,Colombia,Americas,Latin America and the Caribbean,Persons held,2017,"Rate per 100,000 population",237.3237549,CTS/WPB-ICPR
CRI,Costa Rica,Americas,Latin America and the Caribbean,Persons held,2017,"Rate per 100,000 population",284.8308261,CTS/WPB-ICPR
CYM,Cayman Islands,Americas,Latin America and the Caribbean,Persons held,2017,"Rate per 100,000 population",397.9176169,External
DMA,Dominica,Americas,Latin America and the Caribbean,Persons held,2017,"Rate per 100,000 population",589.4635172,External/CTS/WPB-ICPR
DOM,Dominican Republic,Americas,Latin America and the Caribbean,Persons held,2017,"Rate per 100,000 population",253.0889684,External/CTS/NGO/WPB-ICPR
ECU,Ecuador,Americas,Latin America and the Caribbean,Persons held,2017,"Rate per 100,000 population",223.4899991,CTS/External/WPB-ICPR
GLP,Guadeloupe,Americas,Latin America and the Caribbean,Persons held,2017,"Rate per 100,000 population",240.7927017,External/WPB-ICPR
GRD,Grenada,Americas,Latin America and the Caribbean,Persons held,2017,"Rate per 100,000 population",365.5294181,External/CTS
GRL,Greenland,Americas,Northern America,Persons held,2017,"Rate per 100,000 population",248.5360511,External/WPB-ICPR
GTM,Guatemala,Americas,Latin America and the Caribbean,Persons held,2017,"Rate per 100,000 population",155.9046496,External/CTS/WPB-ICPR
GUF,French Guiana,Americas,Latin America and the Caribbean,Persons held,2017,"Rate per 100,000 population",269.5347741,External/WPB-ICPR
GUY,Guyana,Americas,Latin America and the Caribbean,Persons held,2017,"Rate per 100,000 population",291.6467956,CTS/WPB-ICPR
HND,Honduras,Americas,Latin America and the Caribbean,Persons held,2017,"Rate per 100,000 population",200.8446799,External/CTS
HTI,Haiti,Americas,Latin America and the Caribbean,Persons held,2017,"Rate per 100,000 population",81.75969471,External
JAM,Jamaica,Americas,Latin America and the Caribbean,Persons held,2017,"Rate per 100,000 population",137.2679686,External/CTS/SDG
KNA,Saint Kitts and Nevis,Americas,Latin America and the Caribbean,Persons held,2017,"Rate per 100,000 population",673.8445763,External/CTS
LCA,Saint Lucia,Americas,Latin America and the Caribbean,Persons held,2017,"Rate per 100,000 population",275.451772,External/CTS
MEX,Mexico,Americas,Latin America and the Caribbean,Persons held,2017,"Rate per 100,000 population",164.363579,CTS/External/SDG/WPB-ICPR
MTQ,Martinique,Americas,Latin America and the Caribbean,Persons held,2017,"Rate per 100,000 population",230.4931892,External/WPB-ICPR
PAN,Panama,Americas,Latin America and the Caribbean,Persons held,2017,"Rate per 100,000 population",404.6812757,CTS/PPR/WPB-ICPR
PER,Peru,Americas,Latin America and the Caribbean,Persons held,2017,"Rate per 100,000 population",278.1858776,CTS/SDG/WPB-ICPR
PRI,Puerto Rico,Americas,Latin America and the Caribbean,Persons held,2017,"Rate per 100,000 population",281.9919629,External/CTS
PRY,Paraguay,Americas,Latin America and the Caribbean,Persons held,2017,"Rate per 100,000 population",221.2447863,CTS/WPB-ICPR
SLV,El Salvador,Americas,Latin America and the Caribbean,Persons held,2017,"Rate per 100,000 population",633.8150603,External/CTS/WPB-ICPR
SUR,Suriname,Americas,Latin America and the Caribbean,Persons held,2017,"Rate per 100,000 population",169.6849425,External/CTS
SXM,Sint Maarten (Dutch part),Americas,Latin America and the Caribbean,Persons held,2017,"Rate per 100,000 population",286.5158479,External/WPB-ICPR
TTO,Trinidad and Tobago,Americas,Latin America and the Caribbean,Persons held,2017,"Rate per 100,000 population",270.4572615,CTS/External/NGO/WPB-ICPR
URY,Uruguay,Americas,Latin America and the Caribbean,Persons held,2017,"Rate per 100,000 population",299.2518995,CTS/External/UN-Covid Initiative/WPB-ICPR
USA,United States of America,Americas,Northern America,Persons held,2017,"Rate per 100,000 population",653.0191833,External/CTS
VCT,Saint Vincent and the Grenadines,Americas,Latin America and the Caribbean,Persons held,2017,"Rate per 100,000 population",940.7997271,CTS/External/NGO/WPB-ICPR
VEN,Venezuela (Bolivarian Republic of),Americas,Latin America and the Caribbean,Persons held,2017,"Rate per 100,000 population",186.811472,External/WPB-ICPR/SDG
AIA,Anguilla,Americas,Latin America and the Caribbean,Persons held,2018,"Rate per 100,000 population",362.294974,WPB-ICPR
ARG,Argentina,Americas,Latin America and the Caribbean,Persons held,2018,"Rate per 100,000 population",215.9856635,CTS
ATG,Antigua and Barbuda,Americas,Latin America and the Caribbean,Persons held,2018,"Rate per 100,000 population",332.8767647,WPB-ICPR/Country Economy/CTS
BHS,Bahamas,Americas,Latin America and the Caribbean,Persons held,2018,"Rate per 100,000 population",457.5691112,CTS/WPB-ICPR
BLZ,Belize,Americas,Latin America and the Caribbean,Persons held,2018,"Rate per 100,000 population",514.8325158,External/CTS/MoI/WPB-ICPR
BMU,Bermuda,Americas,Northern America,Persons held,2018,"Rate per 100,000 population",272.1366661,CTS/External/WPB-ICPR
BOL,Bolivia (Plurinational State of),Americas,Latin America and the Caribbean,Persons held,2018,"Rate per 100,000 population",158.2506275,External/CTS/SDG/WPB-ICPR
BRA,Brazil,Americas,Latin America and the Caribbean,Persons held,2018,"Rate per 100,000 population",354.0648355,External/CTS/WPB-ICPR
BRB,Barbados,Americas,Latin America and the Caribbean,Persons held,2018,"Rate per 100,000 population",336.4457244,External/CTS/WPB-ICPR
CAN,Canada,Americas,Northern America,Persons held,2018,"Rate per 100,000 population",102.9910582,CTS
CHL,Chile,Americas,Latin America and the Caribbean,Persons held,2018,"Rate per 100,000 population",245.8472406,CTS/WPB-ICPR
COL,Colombia,Americas,Latin America and the Caribbean,Persons held,2018,"Rate per 100,000 population",240.5038712,CTS/WPB-ICPR
CRI,Costa Rica,Americas,Latin America and the Caribbean,Persons held,2018,"Rate per 100,000 population",311.5419302,CTS/WPB-ICPR
CYM,Cayman Islands,Americas,Latin America and the Caribbean,Persons held,2018,"Rate per 100,000 population",389.9266383,External
DMA,Dominica,Americas,Latin America and the Caribbean,Persons held,2018,"Rate per 100,000 population",694.6944827,External/CTS/WPB-ICPR
DOM,Dominican Republic,Americas,Latin America and the Caribbean,Persons held,2018,"Rate per 100,000 population",247.2892534,External/CTS/NGO/WPB-ICPR
ECU,Ecuador,Americas,Latin America and the Caribbean,Persons held,2018,"Rate per 100,000 population",230.4228781,CTS/External/WPB-ICPR
GRD,Grenada,Americas,Latin America and the Caribbean,Persons held,2018,"Rate per 100,000 population",357.85223,External/CTS
GRL,Greenland,Americas,Northern America,Persons held,2018,"Rate per 100,000 population",221.7017396,External/WPB-ICPR
GTM,Guatemala,Americas,Latin America and the Caribbean,Persons held,2018,"Rate per 100,000 population",152.8411381,External/CTS/WPB-ICPR
GUF,French Guiana,Americas,Latin America and the Caribbean,Persons held,2018,"Rate per 100,000 population",262.4287674,External/WPB-ICPR
GUY,Guyana,Americas,Latin America and the Caribbean,Persons held,2018,"Rate per 100,000 population",272.9423027,CTS/WPB-ICPR
HND,Honduras,Americas,Latin America and the Caribbean,Persons held,2018,"Rate per 100,000 population",211.6646329,External/CTS
HTI,Haiti,Americas,Latin America and the Caribbean,Persons held,2018,"Rate per 100,000 population",80.65438108,External
JAM,Jamaica,Americas,Latin America and the Caribbean,Persons held,2018,"Rate per 100,000 population",138.3438217,External/CTS/SDG
KNA,Saint Kitts and Nevis,Americas,Latin America and the Caribbean,Persons held,2018,"Rate per 100,000 population",688.8465484,External/CTS
LCA,Saint Lucia,Americas,Latin America and the Caribbean,Persons held,2018,"Rate per 100,000 population",281.6378845,External/CTS
MEX,Mexico,Americas,Latin America and the Caribbean,Persons held,2018,"Rate per 100,000 population",158.3064971,CTS/External/SDG/WPB-ICPR
NIC,Nicaragua,Americas,Latin America and the Caribbean,Persons held,2018,"Rate per 100,000 population",318.2784541,WPB-ICPR/CTS
PAN,Panama,Americas,Latin America and the Caribbean,Persons held,2018,"Rate per 100,000 population",408.9065866,CTS/PPR/WPB-ICPR
PER,Peru,Americas,Latin America and the Caribbean,Persons held,2018,"Rate per 100,000 population",288.7658729,CTS/SDG/WPB-ICPR
PRI,Puerto Rico,Americas,Latin America and the Caribbean,Persons held,2018,"Rate per 100,000 population",274.1567496,External/CTS
PRY,Paraguay,Americas,Latin America and the Caribbean,Persons held,2018,"Rate per 100,000 population",231.2159182,CTS/WPB-ICPR
SLV,El Salvador,Americas,Latin America and the Caribbean,Persons held,2018,"Rate per 100,000 population",631.6098906,External/CTS/WPB-ICPR
SUR,Suriname,Americas,Latin America and the Caribbean,Persons held,2018,"Rate per 100,000 population",200.9383298,External/CTS
SXM,Sint Maarten (Dutch part),Americas,Latin America and the Caribbean,Persons held,2018,"Rate per 100,000 population",146.7577196,External/WPB-ICPR
TTO,Trinidad and Tobago,Americas,Latin America and the Caribbean,Persons held,2018,"Rate per 100,000 population",255.73051,CTS/External/NGO/WPB-ICPR
URY,Uruguay,Americas,Latin America and the Caribbean,Persons held,2018,"Rate per 100,000 population",298.5956986,CTS/External/UN-Covid Initiative/WPB-ICPR
USA,United States of America,Americas,Northern America,Persons held,2018,"Rate per 100,000 population",639.2183297,External/CTS
VCT,Saint Vincent and the Grenadines,Americas,Latin America and the Caribbean,Persons held,2018,"Rate per 100,000 population",946.0441392,CTS/External/NGO/WPB-ICPR
VEN,Venezuela (Bolivarian Republic of),Americas,Latin America and the Caribbean,Persons held,2018,"Rate per 100,000 population",157.2974808,External/WPB-ICPR/SDG
VGB,British Virgin Islands,Americas,Latin America and the Caribbean,Persons held,2018,"Rate per 100,000 population",471.4026702,External/WPB-ICPR
ARG,Argentina,Americas,Latin America and the Caribbean,Persons held,2019,"Rate per 100,000 population",227.1311184,CTS
ATG,Antigua and Barbuda,Americas,Latin America and the Caribbean,Persons held,2019,"Rate per 100,000 population",565.5881411,WPB-ICPR/Country Economy/CTS
BHS,Bahamas,Americas,Latin America and the Caribbean,Persons held,2019,"Rate per 100,000 population",393.0224913,CTS/WPB-ICPR
BLZ,Belize,Americas,Latin America and the Caribbean,Persons held,2019,"Rate per 100,000 population",530.9757257,External/CTS/MoI/WPB-ICPR
BMU,Bermuda,Americas,Northern America,Persons held,2019,"Rate per 100,000 population",274.2452379,CTS/External/WPB-ICPR
BOL,Bolivia (Plurinational State of),Americas,Latin America and the Caribbean,Persons held,2019,"Rate per 100,000 population",154.6023077,External/CTS/SDG/WPB-ICPR
BRA,Brazil,Americas,Latin America and the Caribbean,Persons held,2019,"Rate per 100,000 population",356.6265636,External/CTS/WPB-ICPR
BRB,Barbados,Americas,Latin America and the Caribbean,Persons held,2019,"Rate per 100,000 population",311.9428795,External/CTS/WPB-ICPR
CAN,Canada,Americas,Northern America,Persons held,2019,"Rate per 100,000 population",101.3546921,CTS
CHL,Chile,Americas,Latin America and the Caribbean,Persons held,2019,"Rate per 100,000 population",242.9582459,CTS/WPB-ICPR
COL,Colombia,Americas,Latin America and the Caribbean,Persons held,2019,"Rate per 100,000 population",246.6794135,CTS/WPB-ICPR
CRI,Costa Rica,Americas,Latin America and the Caribbean,Persons held,2019,"Rate per 100,000 population",326.8541064,CTS/WPB-ICPR
DMA,Dominica,Americas,Latin America and the Caribbean,Persons held,2019,"Rate per 100,000 population",725.2058016,External/CTS/WPB-ICPR
DOM,Dominican Republic,Americas,Latin America and the Caribbean,Persons held,2019,"Rate per 100,000 population",250.0854057,External/CTS/NGO/WPB-ICPR
ECU,Ecuador,Americas,Latin America and the Caribbean,Persons held,2019,"Rate per 100,000 population",229.4026482,CTS/External/WPB-ICPR
GLP,Guadeloupe,Americas,Latin America and the Caribbean,Persons held,2019,"Rate per 100,000 population",231.3614929,External/WPB-ICPR
GRD,Grenada,Americas,Latin America and the Caribbean,Persons held,2019,"Rate per 100,000 population",354.4553407,External/CTS
GTM,Guatemala,Americas,Latin America and the Caribbean,Persons held,2019,"Rate per 100,000 population",154.5801373,External/CTS/WPB-ICPR
GUY,Guyana,Americas,Latin America and the Caribbean,Persons held,2019,"Rate per 100,000 population",254.7721261,CTS/WPB-ICPR
HND,Honduras,Americas,Latin America and the Caribbean,Persons held,2019,"Rate per 100,000 population",217.1440036,External/CTS
JAM,Jamaica,Americas,Latin America and the Caribbean,Persons held,2019,"Rate per 100,000 population",141.0916943,External/CTS/SDG
KNA,Saint Kitts and Nevis,Americas,Latin America and the Caribbean,Persons held,2019,"Rate per 100,000 population",567.9972334,External/CTS
LCA,Saint Lucia,Americas,Latin America and the Caribbean,Persons held,2019,"Rate per 100,000 population",287.8205433,External/CTS
MEX,Mexico,Americas,Latin America and the Caribbean,Persons held,2019,"Rate per 100,000 population",158.935529,CTS/External/SDG/WPB-ICPR
MTQ,Martinique,Americas,Latin America and the Caribbean,Persons held,2019,"Rate per 100,000 population",222.1658077,External/WPB-ICPR
PAN,Panama,Americas,Latin America and the Caribbean,Persons held,2019,"Rate per 100,000 population",429.0575948,CTS/PPR/WPB-ICPR
PER,Peru,Americas,Latin America and the Caribbean,Persons held,2019,"Rate per 100,000 population",297.4727037,CTS/SDG/WPB-ICPR
PRI,Puerto Rico,Americas,Latin America and the Caribbean,Persons held,2019,"Rate per 100,000 population",278.2361311,External/CTS
PRY,Paraguay,Americas,Latin America and the Caribbean,Persons held,2019,"Rate per 100,000 population",239.2180185,CTS/WPB-ICPR
SLV,El Salvador,Americas,Latin America and the Caribbean,Persons held,2019,"Rate per 100,000 population",636.2996693,External/CTS/WPB-ICPR
SUR,Suriname,Americas,Latin America and the Caribbean,Persons held,2019,"Rate per 100,000 population",219.7232886,External/CTS
TTO,Trinidad and Tobago,Americas,Latin America and the Caribbean,Persons held,2019,"Rate per 100,000 population",263.0998944,CTS/External/NGO/WPB-ICPR
URY,Uruguay,Americas,Latin America and the Caribbean,Persons held,2019,"Rate per 100,000 population",336.161808,CTS/External/UN-Covid Initiative/WPB-ICPR
USA,United States of America,Americas,Northern America,Persons held,2019,"Rate per 100,000 population",620.2446888,External/CTS
VCT,Saint Vincent and the Grenadines,Americas,Latin America and the Caribbean,Persons held,2019,"Rate per 100,000 population",787.2402274,CTS/External/NGO/WPB-ICPR
ARG,Argentina,Americas,Latin America and the Caribbean,Persons held,2020,"Rate per 100,000 population",212.8340259,CTS
ATG,Antigua and Barbuda,Americas,Latin America and the Caribbean,Persons held,2020,"Rate per 100,000 population",514.7630148,WPB-ICPR/Country Economy/CTS
BHS,Bahamas,Americas,Latin America and the Caribbean,Persons held,2020,"Rate per 100,000 population",356.9745972,CTS/WPB-ICPR
BLZ,Belize,Americas,Latin America and the Caribbean,Persons held,2020,"Rate per 100,000 population",481.6159202,External/CTS/MoI/WPB-ICPR
BOL,Bolivia (Plurinational State of),Americas,Latin America and the Caribbean,Persons held,2020,"Rate per 100,000 population",144.9796006,External/CTS/SDG/WPB-ICPR
BRA,Brazil,Americas,Latin America and the Caribbean,Persons held,2020,"Rate per 100,000 population",380.732211,External/CTS/WPB-ICPR
BRB,Barbados,Americas,Latin America and the Caribbean,Persons held,2020,"Rate per 100,000 population",317.7849109,External/CTS/WPB-ICPR
CAN,Canada,Americas,Northern America,Persons held,2020,"Rate per 100,000 population",84.10685981,CTS
CHL,Chile,Americas,Latin America and the Caribbean,Persons held,2020,"Rate per 100,000 population",222.3642521,CTS/WPB-ICPR
COL,Colombia,Americas,Latin America and the Caribbean,Persons held,2020,"Rate per 100,000 population",189.0511438,CTS/WPB-ICPR
CRI,Costa Rica,Americas,Latin America and the Caribbean,Persons held,2020,"Rate per 100,000 population",306.3376605,CTS/WPB-ICPR
DMA,Dominica,Americas,Latin America and the Caribbean,Persons held,2020,"Rate per 100,000 population",508.3721673,External/CTS/WPB-ICPR
DOM,Dominican Republic,Americas,Latin America and the Caribbean,Persons held,2020,"Rate per 100,000 population",250.8440372,External/CTS/NGO/WPB-ICPR
ECU,Ecuador,Americas,Latin America and the Caribbean,Persons held,2020,"Rate per 100,000 population",222.8375768,CTS/External/WPB-ICPR
GRD,Grenada,Americas,Latin America and the Caribbean,Persons held,2020,"Rate per 100,000 population",287.0705061,External/CTS
GTM,Guatemala,Americas,Latin America and the Caribbean,Persons held,2020,"Rate per 100,000 population",152.7928936,External/CTS/WPB-ICPR
GUY,Guyana,Americas,Latin America and the Caribbean,Persons held,2020,"Rate per 100,000 population",234.1940938,CTS/WPB-ICPR
HND,Honduras,Americas,Latin America and the Caribbean,Persons held,2020,"Rate per 100,000 population",214.4685664,External/CTS
JAM,Jamaica,Americas,Latin America and the Caribbean,Persons held,2020,"Rate per 100,000 population",131.7881582,External/CTS/SDG
KNA,Saint Kitts and Nevis,Americas,Latin America and the Caribbean,Persons held,2020,"Rate per 100,000 population",421.8922181,External/CTS
LCA,Saint Lucia,Americas,Latin America and the Caribbean,Persons held,2020,"Rate per 100,000 population",283.9823362,External/CTS
MEX,Mexico,Americas,Latin America and the Caribbean,Persons held,2020,"Rate per 100,000 population",167.5847988,CTS/External/SDG/WPB-ICPR
PAN,Panama,Americas,Latin America and the Caribbean,Persons held,2020,"Rate per 100,000 population",424.4833937,CTS/PPR/WPB-ICPR
PER,Peru,Americas,Latin America and the Caribbean,Persons held,2020,"Rate per 100,000 population",265.6527494,CTS/SDG/WPB-ICPR
PRI,Puerto Rico,Americas,Latin America and the Caribbean,Persons held,2020,"Rate per 100,000 population",222.8291693,External/CTS
PRY,Paraguay,Americas,Latin America and the Caribbean,Persons held,2020,"Rate per 100,000 population",213.0933666,CTS/WPB-ICPR
SUR,Suriname,Americas,Latin America and the Caribbean,Persons held,2020,"Rate per 100,000 population",136.7234151,External/CTS
SXM,Sint Maarten (Dutch part),Americas,Latin America and the Caribbean,Persons held,2020,"Rate per 100,000 population",176.5184599,External/WPB-ICPR
TTO,Trinidad and Tobago,Americas,Latin America and the Caribbean,Persons held,2020,"Rate per 100,000 population",243.7181643,CTS/External/NGO/WPB-ICPR
USA,United States of America,Americas,Northern America,Persons held,2020,"Rate per 100,000 population",498.3598307,External/CTS
VCT,Saint Vincent and the Grenadines,Americas,Latin America and the Caribbean,Persons held,2020,"Rate per 100,000 population",676.6540033,CTS/External/NGO/WPB-ICPR
VEN,Venezuela (Bolivarian Republic of),Americas,Latin America and the Caribbean,Persons held,2020,"Rate per 100,000 population",131.7739642,External/WPB-ICPR/SDG
ARG,Argentina,Americas,Latin America and the Caribbean,Persons held,2021,"Rate per 100,000 population",225.6123337,CTS
BHS,Bahamas,Americas,Latin America and the Caribbean,Persons held,2021,"Rate per 100,000 population",468.7360185,CTS/WPB-ICPR
BMU,Bermuda,Americas,Northern America,Persons held,2021,"Rate per 100,000 population",193.1915557,CTS/External/WPB-ICPR
BOL,Bolivia (Plurinational State of),Americas,Latin America and the Caribbean,Persons held,2021,"Rate per 100,000 population",154.8329265,External/CTS/SDG/WPB-ICPR
BRA,Brazil,Americas,Latin America and the Caribbean,Persons held,2021,"Rate per 100,000 population",389.8930277,External/CTS/WPB-ICPR
BRB,Barbados,Americas,Latin America and the Caribbean,Persons held,2021,"Rate per 100,000 population",302.2764976,External/CTS/WPB-ICPR
CHL,Chile,Americas,Latin America and the Caribbean,Persons held,2021,"Rate per 100,000 population",212.7153724,CTS/WPB-ICPR
COL,Colombia,Americas,Latin America and the Caribbean,Persons held,2021,"Rate per 100,000 population",188.1200846,CTS/WPB-ICPR
CRI,Costa Rica,Americas,Latin America and the Caribbean,Persons held,2021,"Rate per 100,000 population",301.0502416,CTS/WPB-ICPR
DOM,Dominican Republic,Americas,Latin America and the Caribbean,Persons held,2021,"Rate per 100,000 population",244.6331126,External/CTS/NGO/WPB-ICPR
ECU,Ecuador,Americas,Latin America and the Caribbean,Persons held,2021,"Rate per 100,000 population",200.7333854,CTS/External/WPB-ICPR
GRD,Grenada,Americas,Latin America and the Caribbean,Persons held,2021,"Rate per 100,000 population",473.477249,External/CTS
GTM,Guatemala,Americas,Latin America and the Caribbean,Persons held,2021,"Rate per 100,000 population",140.1199598,External/CTS/WPB-ICPR
HND,Honduras,Americas,Latin America and the Caribbean,Persons held,2021,"Rate per 100,000 population",196.4323927,External/CTS
JAM,Jamaica,Americas,Latin America and the Caribbean,Persons held,2021,"Rate per 100,000 population",131.8388532,External/CTS/SDG
KNA,Saint Kitts and Nevis,Americas,Latin America and the Caribbean,Persons held,2021,"Rate per 100,000 population",281.4741684,External/CTS
LCA,Saint Lucia,Americas,Latin America and the Caribbean,Persons held,2021,"Rate per 100,000 population",271.6370306,External/CTS
MEX,Mexico,Americas,Latin America and the Caribbean,Persons held,2021,"Rate per 100,000 population",173.962164,CTS/External/SDG/WPB-ICPR
PAN,Panama,Americas,Latin America and the Caribbean,Persons held,2021,"Rate per 100,000 population",457.9126034,CTS/PPR/WPB-ICPR
PER,Peru,Americas,Latin America and the Caribbean,Persons held,2021,"Rate per 100,000 population",266.1181826,CTS/SDG/WPB-ICPR
PRI,Puerto Rico,Americas,Latin America and the Caribbean,Persons held,2021,"Rate per 100,000 population",225.489496,External/CTS
PRY,Paraguay,Americas,Latin America and the Caribbean,Persons held,2021,"Rate per 100,000 population",230.6751739,CTS/WPB-ICPR
SUR,Suriname,Americas,Latin America and the Caribbean,Persons held,2021,"Rate per 100,000 population",159.5472642,External/CTS
TTO,Trinidad and Tobago,Americas,Latin America and the Caribbean,Persons held,2021,"Rate per 100,000 population",249.2031333,CTS/External/NGO/WPB-ICPR
USA,United States of America,Americas,Northern America,Persons held,2021,"Rate per 100,000 population",524.4250624,External/CTS
VCT,Saint Vincent and the Grenadines,Americas,Latin America and the Caribbean,Persons held,2021,"Rate per 100,000 population",369.0143005,CTS/External/NGO/WPB-ICPR
VIR,United States Virgin Islands,Americas,Latin America and the Caribbean,Persons held,2021,"Rate per 100,000 population",358.673607,External/WPB-ICPR
