Country,Year,Political_Rights,Civil_Liberties
Abkhazia,2022,17,23
Afghanistan,2022,1,9
Albania,2022,28,39
Algeria,2022,10,22
Andorra,2022,38,55
Angola,2022,10,20
Antigua and Barbuda,2022,33,52
Argentina,2022,35,49
Armenia,2022,23,32
Australia,2022,39,56
Austria,2022,37,56
Azerbaijan,2022,2,7
Bahamas,2022,38,53
Bahrain,2022,2,10
Bangladesh,2022,15,24
Barbados,2022,38,57
Belarus,2022,2,6
Belgium,2022,39,57
Belize,2022,34,53
Benin,2022,17,42
Bhutan,2022,29,32
Bolivia,2022,27,39
Bosnia and Herzegovina,2022,19,34
Botswana,2022,28,44
Brazil,2022,31,42
Brunei,2022,7,21
Bulgaria,2022,33,46
Burkina Faso,2022,23,30
Burundi,2022,4,10
Cabo Verde,2022,38,54
Cambodia,2022,5,19
Cameroon,2022,6,9
Canada,2022,40,58
Central African Republic,2022,3,4
Chad,2022,1,14
Chile,2022,38,56
China,2022,-2,11
Colombia,2022,29,35
Comoros,2022,16,26
Congo (Brazzaville),2022,2,15
Congo (Kinshasa),2022,4,15
Costa Rica,2022,38,53
Cote d'Ivoire,2022,19,30
Crimea,2022,-2,9
Croatia,2022,36,49
Cuba,2022,1,11
Cyprus,2022,38,55
Czech Republic,2022,36,55
Denmark,2022,40,57
Djibouti,2022,5,19
Dominica,2022,37,56
Dominican Republic,2022,27,41
Eastern Donbas,2022,-1,5
Ecuador,2022,31,40
Egypt,2022,6,12
El Salvador,2022,26,33
Equatorial Guinea,2022,0,5
Eritrea,2022,1,2
Estonia,2022,38,56
Eswatini,2022,1,16
Ethiopia,2022,12,11
Fiji,2022,23,35
Finland,2022,40,60
France,2022,38,51
Gabon,2022,3,18
Gaza Strip,2022,3,8
Georgia,2022,22,36
Germany,2022,39,55
Ghana,2022,35,45
Greece,2022,37,50
Grenada,2022,37,52
Guatemala,2022,21,30
Guinea,2022,10,24
Guinea-Bissau,2022,17,26
Guyana,2022,30,43
Haiti,2022,11,22
Honduras,2022,21,26
Hong Kong,2022,10,33
Hungary,2022,26,43
Iceland,2022,37,57
India,2022,33,33
Indian Kashmir,2022,7,20
Indonesia,2022,30,29
Iran,2022,4,10
Iraq,2022,16,13
Ireland,2022,39,58
Israel,2022,34,42
Italy,2022,36,54
Jamaica,2022,34,46
Japan,2022,40,56
Jordan,2022,11,22
Kazakhstan,2022,5,18
Kenya,2022,19,29
Kiribati,2022,37,56
Kosovo,2022,25,31
Kuwait,2022,14,23
Kyrgyzstan,2022,4,23
Laos,2022,2,11
Latvia,2022,37,51
Lebanon,2022,13,29
Lesotho,2022,27,36
Liberia,2022,27,33
Libya,2022,1,8
Liechtenstein,2022,33,57
Lithuania,2022,38,51
Luxembourg,2022,38,59
Madagascar,2022,27,34
Malawi,2022,29,37
Malaysia,2022,20,30
Maldives,2022,19,21
Mali,2022,8,24
Malta,2022,35,54
Marshall Islands,2022,38,55
Mauritania,2022,14,21
Mauritius,2022,36,50
Mexico,2022,27,33
Micronesia,2022,37,55
Moldova,2022,27,35
Monaco,2022,27,57
Mongolia,2022,36,48
Montenegro,2022,26,41
Morocco,2022,13,24
Mozambique,2022,14,29
Myanmar,2022,0,9
Nagorno-Karabakh,2022,16,20
Namibia,2022,31,46
Nauru,2022,34,43
Nepal,2022,25,32
Netherlands,2022,39,58
New Zealand,2022,40,59
Nicaragua,2022,5,18
Niger,2022,23,28
Nigeria,2022,20,23
North Korea,2022,0,3
North Macedonia,2022,28,39
Northern Cyprus,2022,27,50
Norway,2022,40,60
Oman,2022,6,18
Pakistan,2022,15,22
Pakistani Kashmir,2022,9,20
Palau,2022,37,55
Panama,2022,35,48
Papua New Guinea,2022,23,39
Paraguay,2022,28,37
Peru,2022,30,42
Philippines,2022,25,30
Poland,2022,34,47
Portugal,2022,39,56
Qatar,2022,7,18
Romania,2022,35,48
Russia,2022,5,14
Rwanda,2022,8,14
Samoa,2022,32,51
San Marino,2022,38,55
Sao Tome and Principe,2022,35,49
Saudi Arabia,2022,1,6
Senegal,2022,29,39
Serbia,2022,21,41
Seychelles,2022,34,45
Sierra Leone,2022,28,37
Singapore,2022,19,28
Slovakia,2022,37,53
Slovenia,2022,38,52
Solomon Islands,2022,30,49
Somalia,2022,1,6
Somaliland,2022,22,27
South Africa,2022,33,46
South Korea,2022,33,50
South Ossetia,2022,2,9
South Sudan,2022,-3,4
Spain,2022,37,53
Sri Lanka,2022,23,32
St. Kitts and Nevis,2022,35,54
St. Lucia,2022,38,54
St. Vincent and the Grenadines,2022,36,55
Sudan,2022,0,10
Suriname,2022,34,45
Sweden,2022,40,60
Switzerland,2022,39,57
Syria,2022,-3,4
Taiwan,2022,38,56
Tajikistan,2022,0,8
Tanzania,2022,12,22
Thailand,2022,5,24
The Gambia,2022,21,26
Tibet,2022,-2,3
Timor-Leste,2022,33,39
Togo,2022,15,27
Tonga,2022,30,49
Transnistria,2022,6,12
Trinidad and Tobago,2022,33,49
Tunisia,2022,26,38
Turkey,2022,16,16
Turkmenistan,2022,0,2
Tuvalu,2022,37,56
Uganda,2022,11,23
Ukraine,2022,26,35
United Arab Emirates,2022,5,12
United Kingdom,2022,39,54
USA,2022,32,51
Uruguay,2022,40,57
Uzbekistan,2022,2,9
Vanuatu,2022,33,49
Venezuela,2022,1,13
Vietnam,2022,3,16
West Bank,2022,4,19
Western Sahara,2022,-3,7
Yemen,2022,1,8
Zambia,2022,21,30
Zimbabwe,2022,11,17
Abkhazia,2021,17,23
Afghanistan,2021,13,14
Albania,2021,27,39
Algeria,2021,10,22
Andorra,2021,38,55
Angola,2021,10,21
Antigua and Barbuda,2021,33,52
Argentina,2021,35,49
Armenia,2021,22,33
Australia,2021,40,57
Austria,2021,37,56
Azerbaijan,2021,2,8
Bahamas,2021,38,53
Bahrain,2021,2,10
Bangladesh,2021,15,24
Barbados,2021,38,57
Belarus,2021,2,9
Belgium,2021,39,57
Belize,2021,34,53
Benin,2021,21,44
Bhutan,2021,30,31
Bolivia,2021,27,39
Bosnia and Herzegovina,2021,19,34
Botswana,2021,28,44
Brazil,2021,31,43
Brunei,2021,7,21
Bulgaria,2021,33,45
Burkina Faso,2021,23,31
Burundi,2021,4,10
Cabo Verde,2021,38,54
Cambodia,2021,5,19
Cameroon,2021,7,9
Canada,2021,40,58
Central African Republic,2021,3,6
Chad,2021,3,14
Chile,2021,38,55
China,2021,-2,11
Colombia,2021,29,36
Comoros,2021,16,26
Congo (Brazzaville),2021,2,18
Congo (Kinshasa),2021,5,15
Costa Rica,2021,38,53
Cote d'Ivoire,2021,16,28
Crimea,2021,-2,9
Croatia,2021,36,49
Cuba,2021,1,12
Cyprus,2021,38,56
Czech Republic,2021,36,55
Denmark,2021,40,57
Djibouti,2021,5,19
Dominica,2021,37,56
Dominican Republic,2021,26,41
Eastern Donbas,2021,-1,5
Ecuador,2021,27,40
Egypt,2021,6,12
El Salvador,2021,30,33
Equatorial Guinea,2021,0,5
Eritrea,2021,1,1
Estonia,2021,38,56
Eswatini,2021,1,18
Ethiopia,2021,9,13
Fiji,2021,24,36
Finland,2021,40,60
France,2021,38,52
Gabon,2021,3,19
Gaza Strip,2021,3,8
Georgia,2021,23,37
Germany,2021,39,55
Ghana,2021,35,47
Greece,2021,37,50
Grenada,2021,37,52
Guatemala,2021,21,31
Guinea,2021,14,24
Guinea-Bissau,2021,17,27
Guyana,2021,30,43
Haiti,2021,15,22
Honduras,2021,19,25
Hong Kong,2021,15,37
Hungary,2021,26,43
Iceland,2021,37,57
India,2021,34,33
Indian Kashmir,2021,7,20
Indonesia,2021,30,29
Iran,2021,6,10
Iraq,2021,16,13
Ireland,2021,39,58
Israel,2021,33,43
Italy,2021,36,54
Jamaica,2021,34,46
Japan,2021,40,56
Jordan,2021,11,23
Kazakhstan,2021,5,18
Kenya,2021,19,29
Kiribati,2021,37,56
Kosovo,2021,23,31
Kuwait,2021,14,23
Kyrgyzstan,2021,4,24
Laos,2021,2,11
Latvia,2021,37,52
Lebanon,2021,13,30
Lesotho,2021,27,36
Liberia,2021,27,33
Libya,2021,1,8
Liechtenstein,2021,33,57
Lithuania,2021,38,52
Luxembourg,2021,38,59
Madagascar,2021,27,33
Malawi,2021,29,37
Malaysia,2021,21,30
Maldives,2021,19,21
Mali,2021,9,24
Malta,2021,35,55
Marshall Islands,2021,38,55
Mauritania,2021,14,21
Mauritius,2021,37,50
Mexico,2021,27,34
Micronesia,2021,37,55
Moldova,2021,26,35
Monaco,2021,26,57
Mongolia,2021,36,48
Montenegro,2021,24,39
Morocco,2021,13,24
Mozambique,2021,14,29
Myanmar,2021,13,15
Nagorno-Karabakh,2021,16,19
Namibia,2021,31,46
Nauru,2021,34,43
Nepal,2021,25,31
Netherlands,2021,40,58
New Zealand,2021,40,59
Nicaragua,2021,10,20
Niger,2021,20,28
Nigeria,2021,21,24
North Korea,2021,0,3
North Macedonia,2021,27,39
Northern Cyprus,2021,28,50
Norway,2021,40,60
Oman,2021,6,17
Pakistan,2021,15,22
Pakistani Kashmir,2021,9,19
Palau,2021,37,55
Panama,2021,35,48
Papua New Guinea,2021,23,39
Paraguay,2021,28,37
Peru,2021,29,42
Philippines,2021,25,31
Poland,2021,34,48
Portugal,2021,39,57
Qatar,2021,7,18
Romania,2021,35,48
Russia,2021,5,15
Rwanda,2021,8,13
Samoa,2021,30,51
San Marino,2021,38,55
Sao Tome and Principe,2021,35,49
Saudi Arabia,2021,1,6
Senegal,2021,29,42
Serbia,2021,22,42
Seychelles,2021,34,43
Sierra Leone,2021,28,37
Singapore,2021,19,29
Slovakia,2021,37,53
Slovenia,2021,39,56
Solomon Islands,2021,30,49
Somalia,2021,1,6
Somaliland,2021,18,24
South Africa,2021,33,46
South Korea,2021,33,50
South Ossetia,2021,2,8
South Sudan,2021,-2,4
Spain,2021,37,53
Sri Lanka,2021,23,33
St. Kitts and Nevis,2021,35,54
St. Lucia,2021,37,54
St. Vincent and the Grenadines,2021,36,55
Sudan,2021,2,15
Suriname,2021,34,45
Sweden,2021,40,60
Switzerland,2021,39,57
Syria,2021,-3,4
Taiwan,2021,38,56
Tajikistan,2021,0,8
Tanzania,2021,12,22
Thailand,2021,5,25
The Gambia,2021,20,26
Tibet,2021,-2,3
Timor-Leste,2021,33,39
Togo,2021,15,28
Tonga,2021,30,49
Transnistria,2021,8,12
Trinidad and Tobago,2021,33,49
Tunisia,2021,32,39
Turkey,2021,16,16
Turkmenistan,2021,0,2
Tuvalu,2021,37,56
Uganda,2021,11,23
Ukraine,2021,26,34
United Arab Emirates,2021,5,12
United Kingdom,2021,39,54
USA,2021,32,51
Uruguay,2021,40,58
Uzbekistan,2021,2,9
Vanuatu,2021,33,49
Venezuela,2021,1,13
Vietnam,2021,3,16
West Bank,2021,4,21
Western Sahara,2021,-3,7
Yemen,2021,1,10
Zambia,2021,20,32
Zimbabwe,2021,11,17
Abkhazia,2020,17,23
Afghanistan,2020,13,14
Albania,2020,27,40
Algeria,2020,10,24
Andorra,2020,39,55
Angola,2020,11,21
Antigua and Barbuda,2020,33,52
Argentina,2020,35,50
Armenia,2020,21,32
Australia,2020,40,57
Austria,2020,37,56
Azerbaijan,2020,2,8
Bahamas,2020,38,53
Bahrain,2020,1,10
Bangladesh,2020,15,24
Barbados,2020,38,57
Belarus,2020,5,14
Belgium,2020,39,57
Belize,2020,35,51
Benin,2020,21,45
Bhutan,2020,29,30
Bolivia,2020,25,38
Bosnia and Herzegovina,2020,19,34
Botswana,2020,28,44
Brazil,2020,31,44
Brunei,2020,7,21
Bulgaria,2020,34,46
Burkina Faso,2020,23,33
Burundi,2020,3,10
Cabo Verde,2020,38,54
Cambodia,2020,5,20
Cameroon,2020,7,11
Canada,2020,40,58
Central African Republic,2020,4,6
Chad,2020,3,14
Chile,2020,38,52
China,2020,-1,11
Colombia,2020,29,37
Comoros,2020,18,26
Congo (Brazzaville),2020,2,18
Congo (Kinshasa),2020,4,14
Costa Rica,2020,38,53
Cote d'Ivoire,2020,19,32
Crimea,2020,-2,10
Croatia,2020,36,49
Cuba,2020,1,13
Cyprus,2020,38,56
Czech Republic,2020,36,55
Denmark,2020,40,57
Djibouti,2020,5,19
Dominica,2020,37,56
Dominican Republic,2020,26,41
Eastern Donbas,2020,-1,6
Ecuador,2020,27,38
Egypt,2020,7,14
El Salvador,2020,32,34
Equatorial Guinea,2020,0,6
Eritrea,2020,1,1
Estonia,2020,38,56
Eswatini,2020,1,18
Ethiopia,2020,10,14
Fiji,2020,24,36
Finland,2020,40,60
France,2020,38,52
Gabon,2020,3,19
Gaza Strip,2020,3,8
Georgia,2020,24,37
Germany,2020,39,55
Ghana,2020,35,47
Greece,2020,37,51
Grenada,2020,37,52
Guatemala,2020,21,31
Guinea,2020,15,25
Guinea-Bissau,2020,17,29
Guyana,2020,31,43
Haiti,2020,16,22
Honduras,2020,19,26
Hong Kong,2020,16,39
Hungary,2020,27,43
Iceland,2020,37,57
India,2020,34,37
Indian Kashmir,2020,8,20
Indonesia,2020,30,31
Iran,2020,7,10
Iraq,2020,17,14
Ireland,2020,39,58
Israel,2020,33,43
Italy,2020,36,53
Jamaica,2020,34,44
Japan,2020,40,56
Jordan,2020,12,25
Kazakhstan,2020,5,18
Kenya,2020,19,29
Kiribati,2020,37,56
Kosovo,2020,25,31
Kuwait,2020,13,23
Kyrgyzstan,2020,12,27
Laos,2020,2,12
Latvia,2020,37,52
Lebanon,2020,14,30
Lesotho,2020,27,36
Liberia,2020,27,33
Libya,2020,1,8
Liechtenstein,2020,33,57
Lithuania,2020,38,53
Luxembourg,2020,38,60
Madagascar,2020,26,35
Malawi,2020,26,36
Malaysia,2020,21,31
Maldives,2020,18,22
Mali,2020,17,24
Malta,2020,35,55
Marshall Islands,2020,38,55
Mauritania,2020,13,21
Mauritius,2020,37,52
Mexico,2020,27,35
Micronesia,2020,37,55
Moldova,2020,26,34
Monaco,2020,26,57
Mongolia,2020,36,48
Montenegro,2020,22,40
Morocco,2020,13,24
Mozambique,2020,14,31
Myanmar,2020,14,16
Nagorno-Karabakh,2020,13,21
Namibia,2020,31,46
Nauru,2020,34,43
Nepal,2020,25,31
Netherlands,2020,40,59
New Zealand,2020,40,57
Nicaragua,2020,10,21
Niger,2020,20,28
Nigeria,2020,22,25
North Korea,2020,0,3
North Macedonia,2020,24,39
Northern Cyprus,2020,31,50
Norway,2020,40,60
Oman,2020,6,17
Pakistan,2020,16,22
Pakistani Kashmir,2020,9,19
Palau,2020,37,55
Panama,2020,36,48
Papua New Guinea,2020,23,39
Paraguay,2020,28,37
Peru,2020,30,42
Philippines,2020,25,34
Poland,2020,35,49
Portugal,2020,39,57
Qatar,2020,7,18
Romania,2020,35,48
Russia,2020,5,15
Rwanda,2020,8,14
Samoa,2020,30,51
San Marino,2020,38,57
Sao Tome and Principe,2020,35,49
Saudi Arabia,2020,1,6
Senegal,2020,29,42
Serbia,2020,23,43
Seychelles,2020,29,43
Sierra Leone,2020,28,37
Singapore,2020,19,31
Slovakia,2020,36,52
Slovenia,2020,39,55
Solomon Islands,2020,30,49
Somalia,2020,1,6
Somaliland,2020,17,24
South Africa,2020,33,46
South Korea,2020,33,50
South Ossetia,2020,2,8
South Sudan,2020,-2,4
Spain,2020,38,54
Sri Lanka,2020,23,33
St. Kitts and Nevis,2020,36,53
St. Lucia,2020,38,54
St. Vincent and the Grenadines,2020,36,55
Sudan,2020,2,10
Suriname,2020,32,43
Sweden,2020,40,60
Switzerland,2020,39,57
Syria,2020,-3,3
Taiwan,2020,37,56
Tajikistan,2020,0,9
Tanzania,2020,17,23
Thailand,2020,6,26
The Gambia,2020,20,26
Tibet,2020,-2,3
Timor-Leste,2020,32,39
Togo,2020,16,28
Tonga,2020,30,49
Transnistria,2020,9,13
Trinidad and Tobago,2020,33,49
Tunisia,2020,32,38
Turkey,2020,16,16
Turkmenistan,2020,0,2
Tuvalu,2020,37,56
Uganda,2020,11,23
Ukraine,2020,27,35
United Arab Emirates,2020,5,12
United Kingdom,2020,39,55
USA,2020,33,53
Uruguay,2020,40,58
Uzbekistan,2020,2,8
Vanuatu,2020,33,49
Venezuela,2020,2,14
Vietnam,2020,3,17
West Bank,2020,4,21
Western Sahara,2020,-3,7
Yemen,2020,1,10
Zambia,2020,22,32
Zimbabwe,2020,12,17
Abkhazia,2019,18,23
Afghanistan,2019,13,14
Albania,2019,28,40
Algeria,2019,10,24
Andorra,2019,39,55
Angola,2019,11,20
Antigua and Barbuda,2019,33,51
Argentina,2019,34,50
Armenia,2019,20,31
Australia,2019,40,58
Austria,2019,37,56
Azerbaijan,2019,2,9
Bahamas,2019,38,53
Bahrain,2019,2,10
Bangladesh,2019,17,24
Barbados,2019,38,58
Belarus,2019,5,14
Belgium,2019,39,57
Belize,2019,36,50
Benin,2019,32,47
Bhutan,2019,29,30
Bolivia,2019,28,39
Bosnia and Herzegovina,2019,19,34
Botswana,2019,28,44
Brazil,2019,30,45
Brunei,2019,7,22
Bulgaria,2019,33,47
Burkina Faso,2019,23,37
Burundi,2019,3,11
Cambodia,2019,6,20
Cameroon,2019,7,12
Canada,2019,40,59
Cabo Verde,2019,37,53
Central African Republic,2019,4,5
Chad,2019,3,14
Chile,2019,37,57
China,2019,-1,12
Colombia,2019,29,37
Comoros,2019,21,29
Congo (Brazzaville),2019,2,19
Congo (Kinshasa),2019,3,12
Costa Rica,2019,38,53
Cote d'Ivoire,2019,19,32
Crimea,2019,-2,10
Croatia,2019,36,49
Cuba,2019,1,13
Cyprus,2019,38,56
Czech Republic,2019,36,55
Denmark,2019,40,57
Djibouti,2019,7,19
Dominica,2019,37,56
Dominican Republic,2019,26,41
Ecuador,2019,25,38
Egypt,2019,8,14
El Salvador,2019,32,35
Equatorial Guinea,2019,0,6
Eritrea,2019,1,1
Estonia,2019,38,56
Ethiopia,2019,7,12
Fiji,2019,24,37
Finland,2019,40,60
France,2019,38,52
Gabon,2019,4,19
Gaza Strip,2019,3,8
Georgia,2019,25,38
Germany,2019,39,55
Ghana,2019,36,47
Greece,2019,36,51
Grenada,2019,37,52
Guatemala,2019,22,31
Guinea,2019,17,26
Guinea-Bissau,2019,15,27
Guyana,2019,32,43
Haiti,2019,17,24
Honduras,2019,20,26
Hong Kong,2019,15,44
Hungary,2019,27,43
Iceland,2019,37,57
India,2019,35,40
Indian Kashmir,2019,22,27
Indonesia,2019,30,32
Iran,2019,7,11
Iraq,2019,17,15
Ireland,2019,39,58
Israel,2019,35,43
Italy,2019,36,53
Jamaica,2019,34,44
Japan,2019,40,56
Jordan,2019,12,25
Kazakhstan,2019,5,17
Kenya,2019,19,29
Kiribati,2019,37,56
Kosovo,2019,24,30
Kuwait,2019,13,23
Kyrgyzstan,2019,12,26
Laos,2019,2,12
Latvia,2019,35,52
Lebanon,2019,14,31
Lesotho,2019,27,36
Liberia,2019,27,35
Libya,2019,1,8
Liechtenstein,2019,33,57
Lithuania,2019,38,53
Luxembourg,2019,38,60
North Macedonia,2019,22,37
Madagascar,2019,24,32
Malawi,2019,26,38
Malaysia,2019,21,31
Maldives,2019,14,21
Mali,2019,18,26
Malta,2019,35,56
Marshall Islands,2019,38,55
Mauritania,2019,11,21
Mauritius,2019,37,52
Mexico,2019,27,36
Micronesia,2019,37,55
Moldova,2019,24,34
Monaco,2019,26,56
Mongolia,2019,36,49
Montenegro,2019,23,42
Morocco,2019,14,25
Mozambique,2019,19,32
Myanmar,2019,13,17
Nagorno-Karabakh,2019,12,19
Namibia,2019,29,46
Nauru,2019,34,44
Nepal,2019,25,29
Netherlands,2019,40,59
New Zealand,2019,40,58
Nicaragua,2019,10,22
Niger,2019,20,29
Nigeria,2019,25,25
North Korea,2019,0,3
Northern Cyprus,2019,31,50
Norway,2019,40,60
Oman,2019,6,17
Pakistan,2019,17,22
Pakistani Kashmir,2019,9,19
Palau,2019,37,55
Panama,2019,36,48
Papua New Guinea,2019,23,41
Paraguay,2019,28,37
Peru,2019,31,42
Philippines,2019,26,35
Poland,2019,35,49
Portugal,2019,39,57
Qatar,2019,7,18
Romania,2019,34,47
Russia,2019,5,15
Rwanda,2019,9,14
Samoa,2019,30,51
San Marino,2019,38,57
Sao Tome and Principe,2019,34,49
Saudi Arabia,2019,1,6
Senegal,2019,30,42
Serbia,2019,24,43
Seychelles,2019,28,43
Sierra Leone,2019,28,37
Singapore,2019,19,32
Slovakia,2019,36,52
Slovenia,2019,39,55
Solomon Islands,2019,30,49
Somalia,2019,1,6
Somaliland,2019,19,24
South Africa,2019,33,46
South Korea,2019,33,50
South Ossetia,2019,2,8
South Sudan,2019,-2,4
Spain,2019,39,55
Sri Lanka,2019,24,32
St. Kitts and Nevis,2019,36,53
St. Lucia,2019,38,54
St. Vincent and the Grenadines,2019,36,55
Sudan,2019,3,4
Suriname,2019,34,43
Eswatini,2019,1,15
Sweden,2019,40,60
Switzerland,2019,39,57
Syria,2019,-3,3
Taiwan,2019,37,56
Tajikistan,2019,0,9
Tanzania,2019,20,25
Thailand,2019,5,25
The Gambia,2019,20,25
Tibet,2019,-2,3
Timor-Leste,2019,32,38
Togo,2019,15,28
Tonga,2019,30,49
Transnistria,2019,10,14
Trinidad and Tobago,2019,33,49
Tunisia,2019,31,38
Turkey,2019,15,16
Turkmenistan,2019,0,2
Tuvalu,2019,37,56
Uganda,2019,11,25
Ukraine,2019,26,34
United Arab Emirates,2019,5,12
United Kingdom,2019,39,54
USA,2019,33,53
Uruguay,2019,40,58
Uzbekistan,2019,1,8
Vanuatu,2019,33,49
Venezuela,2019,3,16
Vietnam,2019,3,17
West Bank,2019,4,21
Western Sahara,2019,-3,7
Yemen,2019,1,10
Zambia,2019,22,32
Zimbabwe,2019,12,19
Abkhazia,2018,18,23
Afghanistan,2018,12,14
Albania,2018,28,40
Algeria,2018,10,25
Andorra,2018,39,57
Angola,2018,10,16
Antigua and Barbuda,2018,33,50
Argentina,2018,33,50
Armenia,2018,15,30
Australia,2018,40,58
Austria,2018,37,57
Azerbaijan,2018,3,9
Bahamas,2018,38,53
Bahrain,2018,2,10
Bangladesh,2018,19,26
Barbados,2018,38,58
Belarus,2018,6,15
Belgium,2018,39,56
Belize,2018,36,50
Benin,2018,33,49
Bhutan,2018,28,27
Bolivia,2018,28,39
Bosnia and Herzegovina,2018,21,34
Botswana,2018,28,44
Brazil,2018,31,47
Brunei,2018,6,22
Bulgaria,2018,33,47
Burkina Faso,2018,23,37
Burundi,2018,4,14
Cambodia,2018,10,20
Cameroon,2018,9,13
Canada,2018,40,59
Cabo Verde,2018,37,53
Central African Republic,2018,4,5
Chad,2018,4,14
Chile,2018,37,57
China,2018,0,14
Colombia,2018,29,36
Comoros,2018,24,31
Congo (Brazzaville),2018,2,19
Congo (Kinshasa),2018,4,13
Costa Rica,2018,38,53
Cote d'Ivoire,2018,19,32
Crimea,2018,-1,10
Croatia,2018,37,49
Cuba,2018,1,13
Cyprus,2018,38,56
Czech Republic,2018,37,56
Denmark,2018,40,57
Djibouti,2018,7,19
Dominica,2018,37,56
Dominican Republic,2018,26,41
Ecuador,2018,25,35
Egypt,2018,10,16
El Salvador,2018,34,36
Equatorial Guinea,2018,1,6
Eritrea,2018,1,2
Estonia,2018,38,56
Ethiopia,2018,4,8
Fiji,2018,24,35
Finland,2018,40,60
France,2018,38,52
Gabon,2018,4,19
Gaza Strip,2018,3,9
Georgia,2018,26,38
Germany,2018,39,55
Ghana,2018,37,46
Greece,2018,35,50
Grenada,2018,37,51
Guatemala,2018,23,33
Guinea,2018,17,24
Guinea-Bissau,2018,16,25
Guyana,2018,32,42
Haiti,2018,17,24
Honduras,2018,20,26
Hong Kong,2018,15,44
Hungary,2018,28,44
Iceland,2018,37,58
India,2018,35,42
Indian Kashmir,2018,22,27
Indonesia,2018,30,34
Iran,2018,7,11
Iraq,2018,16,15
Ireland,2018,39,57
Israel,2018,36,43
Italy,2018,36,53
Jamaica,2018,34,43
Japan,2018,40,56
Jordan,2018,12,25
Kazakhstan,2018,5,17
Kenya,2018,19,29
Kiribati,2018,38,55
Kosovo,2018,24,28
Kuwait,2018,13,23
Kyrgyzstan,2018,12,25
Laos,2018,1,11
Latvia,2018,35,52
Lebanon,2018,11,32
Lesotho,2018,27,37
Liberia,2018,27,35
Libya,2018,1,8
Liechtenstein,2018,33,57
Lithuania,2018,38,53
Luxembourg,2018,38,60
North Macedonia,2018,21,37
Madagascar,2018,24,32
Malawi,2018,26,37
Malaysia,2018,18,27
Maldives,2018,14,21
Mali,2018,17,27
Malta,2018,36,56
Marshall Islands,2018,37,55
Mauritania,2018,9,21
Mauritius,2018,37,52
Mexico,2018,26,36
Micronesia,2018,37,56
Moldova,2018,26,35
Monaco,2018,25,57
Mongolia,2018,36,49
Montenegro,2018,25,42
Morocco,2018,14,25
Mozambique,2018,20,32
Myanmar,2018,13,18
Nagorno-Karabakh,2018,12,18
Namibia,2018,30,47
Nauru,2018,35,46
Nepal,2018,25,30
Netherlands,2018,40,59
New Zealand,2018,40,58
Nicaragua,2018,12,32
Niger,2018,20,29
Nigeria,2018,25,25
North Korea,2018,0,3
Northern Cyprus,2018,31,50
Norway,2018,40,60
Oman,2018,6,17
Pakistan,2018,19,24
Pakistani Kashmir,2018,9,19
Palau,2018,37,55
Panama,2018,35,48
Papua New Guinea,2018,25,38
Paraguay,2018,27,37
Peru,2018,31,42
Philippines,2018,27,35
Poland,2018,36,49
Portugal,2018,39,58
Qatar,2018,7,17
Romania,2018,35,49
Russia,2018,5,15
Rwanda,2018,8,15
Samoa,2018,30,50
San Marino,2018,38,59
Sao Tome and Principe,2018,34,48
Saudi Arabia,2018,0,7
Senegal,2018,31,44
Serbia,2018,28,45
Seychelles,2018,28,43
Sierra Leone,2018,28,38
Singapore,2018,19,33
Slovakia,2018,36,53
Slovenia,2018,39,54
Solomon Islands,2018,28,44
Somalia,2018,1,6
Somaliland,2018,19,25
South Africa,2018,32,46
South Korea,2018,33,51
South Ossetia,2018,2,8
South Sudan,2018,-2,4
Spain,2018,38,56
Sri Lanka,2018,24,31
St. Kitts and Nevis,2018,36,53
St. Lucia,2018,38,53
St. Vincent and the Grenadines,2018,36,54
Sudan,2018,4,4
Suriname,2018,34,44
Eswatini,2018,1,15
Sweden,2018,40,60
Switzerland,2018,39,57
Syria,2018,-3,2
Taiwan,2018,37,56
Tajikistan,2018,1,10
Tanzania,2018,22,30
Thailand,2018,6,25
The Gambia,2018,20,21
Tibet,2018,-2,3
Timor-Leste,2018,32,37
Togo,2018,18,29
Tonga,2018,30,45
Transnistria,2018,10,14
Trinidad and Tobago,2018,33,48
Tunisia,2018,30,40
Turkey,2018,16,16
Turkmenistan,2018,0,4
Tuvalu,2018,37,57
Uganda,2018,11,26
Ukraine,2018,26,36
United Arab Emirates,2018,5,12
United Kingdom,2018,40,54
USA,2018,33,53
Uruguay,2018,40,58
Uzbekistan,2018,1,6
Vanuatu,2018,33,48
Venezuela,2018,8,18
Vietnam,2018,3,17
West Bank,2018,5,23
Western Sahara,2018,-3,7
Yemen,2018,1,12
Zambia,2018,22,33
Zimbabwe,2018,10,20
Abkhazia,2017,18,23
Afghanistan,2017,10,14
Albania,2017,28,40
Algeria,2017,11,24
Andorra,2017,39,56
Angola,2017,10,14
Antigua and Barbuda,2017,33,50
Argentina,2017,33,49
Armenia,2017,16,29
Australia,2017,40,58
Austria,2017,37,58
Azerbaijan,2017,4,10
Bahamas,2017,38,53
Bahrain,2017,2,10
Bangladesh,2017,20,27
Barbados,2017,40,58
Belarus,2017,5,15
Belgium,2017,40,55
Belize,2017,36,51
Benin,2017,33,49
Bhutan,2017,28,27
Bolivia,2017,29,39
Bosnia and Herzegovina,2017,21,34
Botswana,2017,28,44
Brazil,2017,31,48
Brunei,2017,7,22
Bulgaria,2017,33,47
Burkina Faso,2017,23,40
Burundi,2017,5,14
Cambodia,2017,11,20
Cameroon,2017,9,15
Canada,2017,40,59
Cabo Verde,2017,37,53
Central African Republic,2017,4,6
Chad,2017,4,14
Chile,2017,37,57
China,2017,1,14
Colombia,2017,29,35
Comoros,2017,24,31
Congo (Brazzaville),2017,5,22
Congo (Kinshasa),2017,4,15
Costa Rica,2017,38,53
Cote d'Ivoire,2017,20,32
Crimea,2017,-1,10
Croatia,2017,37,50
Cuba,2017,1,14
Cyprus,2017,38,56
Czech Republic,2017,38,56
Denmark,2017,40,57
Djibouti,2017,7,19
Dominica,2017,38,57
Dominican Republic,2017,27,41
Ecuador,2017,24,33
Egypt,2017,9,17
El Salvador,2017,34,36
Equatorial Guinea,2017,1,7
Eritrea,2017,1,2
Estonia,2017,38,56
Ethiopia,2017,4,8
Fiji,2017,25,34
Finland,2017,40,60
France,2017,38,52
Gabon,2017,8,24
Gaza Strip,2017,3,9
Georgia,2017,27,37
Germany,2017,39,56
Ghana,2017,37,46
Greece,2017,35,49
Grenada,2017,38,51
Guatemala,2017,23,31
Guinea,2017,17,24
Guinea-Bissau,2017,16,24
Guyana,2017,32,42
Haiti,2017,15,24
Honduras,2017,19,27
Hong Kong,2017,16,45
Hungary,2017,29,47
Iceland,2017,38,59
India,2017,35,42
Indian Kashmir,2017,22,28
Indonesia,2017,31,34
Iran,2017,7,10
Iraq,2017,12,15
Ireland,2017,39,57
Israel,2017,36,44
Italy,2017,36,53
Jamaica,2017,34,41
Japan,2017,40,56
Jordan,2017,12,25
Kazakhstan,2017,5,17
Kenya,2017,22,29
Kiribati,2017,37,55
Kosovo,2017,24,28
Kuwait,2017,13,23
Kyrgyzstan,2017,13,24
Laos,2017,1,11
Latvia,2017,36,51
Lebanon,2017,14,30
Lesotho,2017,27,37
Liberia,2017,28,34
Libya,2017,3,10
Liechtenstein,2017,33,58
Lithuania,2017,38,53
Luxembourg,2017,38,60
North Macedonia,2017,21,36
Madagascar,2017,24,32
Malawi,2017,26,37
Malaysia,2017,18,26
Maldives,2017,17,23
Mali,2017,17,28
Malta,2017,39,57
Marshall Islands,2017,37,55
Mauritania,2017,9,21
Mauritius,2017,37,52
Mexico,2017,28,37
Micronesia,2017,37,56
Moldova,2017,27,35
Monaco,2017,27,57
Mongolia,2017,36,49
Montenegro,2017,26,43
Morocco,2017,15,26
Mozambique,2017,20,33
Myanmar,2017,14,18
Nagorno-Karabakh,2017,15,18
Namibia,2017,30,47
Nauru,2017,35,46
Nepal,2017,24,28
Netherlands,2017,40,59
New Zealand,2017,40,58
Nicaragua,2017,14,33
Niger,2017,21,28
Nigeria,2017,25,25
North Korea,2017,0,3
Northern Cyprus,2017,32,48
Norway,2017,40,60
Oman,2017,8,17
Pakistan,2017,21,22
Pakistani Kashmir,2017,9,19
Palau,2017,37,55
Panama,2017,35,48
Papua New Guinea,2017,26,38
Paraguay,2017,27,37
Peru,2017,31,41
Philippines,2017,27,36
Poland,2017,37,52
Portugal,2017,39,58
Qatar,2017,9,17
Romania,2017,35,49
Russia,2017,5,15
Rwanda,2017,8,16
Samoa,2017,30,50
San Marino,2017,38,59
Sao Tome and Principe,2017,34,47
Saudi Arabia,2017,3,7
Senegal,2017,32,46
Serbia,2017,29,47
Seychelles,2017,28,43
Sierra Leone,2017,28,38
Singapore,2017,19,32
Slovakia,2017,36,53
Slovenia,2017,39,53
Solomon Islands,2017,27,44
Somalia,2017,0,5
Somaliland,2017,15,25
South Africa,2017,33,45
South Korea,2017,32,50
South Ossetia,2017,2,9
South Sudan,2017,-2,6
Spain,2017,38,56
Sri Lanka,2017,24,32
St. Kitts and Nevis,2017,36,53
St. Lucia,2017,39,53
St. Vincent and the Grenadines,2017,37,54
Sudan,2017,2,4
Suriname,2017,34,43
Eswatini,2017,1,17
Sweden,2017,40,60
Switzerland,2017,39,57
Syria,2017,-3,2
Taiwan,2017,37,54
Tajikistan,2017,1,10
Tanzania,2017,25,33
Thailand,2017,7,25
The Gambia,2017,8,12
Tibet,2017,-2,3
Timor-Leste,2017,29,36
Togo,2017,18,30
Tonga,2017,30,44
Transnistria,2017,10,14
Trinidad and Tobago,2017,33,48
Tunisia,2017,36,42
Turkey,2017,18,20
Turkmenistan,2017,0,4
Tuvalu,2017,37,57
Uganda,2017,11,24
Ukraine,2017,25,36
United Arab Emirates,2017,7,13
United Kingdom,2017,40,55
USA,2017,36,53
Uruguay,2017,40,58
Uzbekistan,2017,0,3
Vanuatu,2017,32,48
Venezuela,2017,11,19
Vietnam,2017,3,17
West Bank,2017,5,23
Western Sahara,2017,-3,7
Yemen,2017,2,12
Zambia,2017,23,33
Zimbabwe,2017,12,20
Abkhazia,2016,19,23
Afghanistan,2016,10,14
Albania,2016,27,40
Algeria,2016,11,24
Andorra,2016,39,57
Angola,2016,10,14
Antigua and Barbuda,2016,33,49
Argentina,2016,31,48
Armenia,2016,16,30
Australia,2016,40,58
Austria,2016,37,58
Azerbaijan,2016,5,11
Bahamas,2016,38,54
Bahrain,2016,4,10
Bangladesh,2016,21,28
Barbados,2016,40,58
Belarus,2016,4,13
Belgium,2016,40,56
Belize,2016,36,51
Benin,2016,33,49
Bhutan,2016,29,27
Bolivia,2016,29,39
Bosnia and Herzegovina,2016,22,35
Botswana,2016,28,45
Brazil,2016,33,48
Brunei,2016,7,22
Bulgaria,2016,33,47
Burkina Faso,2016,21,38
Burundi,2016,5,14
Cambodia,2016,11,21
Cameroon,2016,9,15
Canada,2016,40,59
Cabo Verde,2016,37,53
Central African Republic,2016,1,6
Chad,2016,4,16
Chile,2016,38,57
China,2016,1,15
Colombia,2016,29,34
Comoros,2016,24,31
Congo (Brazzaville),2016,6,22
Congo (Kinshasa),2016,9,16
Costa Rica,2016,37,53
Cote d'Ivoire,2016,20,31
Crimea,2016,-1,10
Croatia,2016,37,50
Cuba,2016,1,14
Cyprus,2016,38,56
Czech Republic,2016,38,57
Denmark,2016,40,58
Djibouti,2016,9,19
Dominica,2016,38,57
Dominican Republic,2016,29,41
Ecuador,2016,24,35
Egypt,2016,9,18
El Salvador,2016,33,36
Equatorial Guinea,2016,1,7
Eritrea,2016,1,2
Estonia,2016,38,56
Ethiopia,2016,4,11
Fiji,2016,27,35
Finland,2016,40,60
France,2016,38,53
Gabon,2016,9,25
Gaza Strip,2016,3,9
Georgia,2016,27,37
Germany,2016,39,56
Ghana,2016,37,46
Greece,2016,35,48
Grenada,2016,38,51
Guatemala,2016,23,31
Guinea,2016,17,23
Guinea-Bissau,2016,16,23
Guyana,2016,32,42
Haiti,2016,17,24
Honduras,2016,19,26
Hong Kong,2016,16,47
Hungary,2016,32,47
Iceland,2016,40,60
India,2016,35,42
Indian Kashmir,2016,22,29
Indonesia,2016,31,34
Iran,2016,7,10
Iraq,2016,12,15
Ireland,2016,39,57
Israel,2016,36,44
Italy,2016,36,53
Jamaica,2016,34,41
Japan,2016,40,56
Jordan,2016,11,25
Kazakhstan,2016,6,18
Kenya,2016,22,29
Kiribati,2016,36,55
Kosovo,2016,24,28
Kuwait,2016,13,23
Kyrgyzstan,2016,14,24
Laos,2016,1,11
Latvia,2016,35,51
Lebanon,2016,13,30
Lesotho,2016,28,39
Liberia,2016,28,33
Libya,2016,6,14
Liechtenstein,2016,39,59
Lithuania,2016,38,53
Luxembourg,2016,38,60
North Macedonia,2016,22,35
Madagascar,2016,24,32
Malawi,2016,27,37
Malaysia,2016,18,27
Maldives,2016,19,24
Mali,2016,17,28
Malta,2016,39,57
Marshall Islands,2016,37,55
Mauritania,2016,9,21
Mauritius,2016,38,52
Mexico,2016,28,37
Micronesia,2016,37,56
Moldova,2016,25,35
Monaco,2016,31,57
Mongolia,2016,36,50
Montenegro,2016,27,43
Morocco,2016,15,26
Mozambique,2016,22,34
Myanmar,2016,11,17
Nagorno-Karabakh,2016,15,18
Namibia,2016,30,47
Nauru,2016,35,49
Nepal,2016,25,26
Netherlands,2016,40,59
New Zealand,2016,40,58
Nicaragua,2016,19,35
Niger,2016,24,28
Nigeria,2016,23,25
North Korea,2016,0,3
Northern Cyprus,2016,32,47
Norway,2016,40,60
Oman,2016,8,17
Pakistan,2016,20,21
Pakistani Kashmir,2016,9,19
Palau,2016,37,55
Panama,2016,35,48
Papua New Guinea,2016,23,36
Paraguay,2016,27,37
Peru,2016,30,41
Philippines,2016,27,38
Poland,2016,38,55
Portugal,2016,39,58
Puerto Rico,2016,37,53
Qatar,2016,9,18
Romania,2016,34,49
Russia,2016,7,15
Rwanda,2016,8,16
Samoa,2016,31,49
San Marino,2016,40,60
Sao Tome and Principe,2016,34,47
Saudi Arabia,2016,3,7
Senegal,2016,33,45
Serbia,2016,30,48
Seychelles,2016,26,42
Sierra Leone,2016,28,37
Singapore,2016,19,32
Slovakia,2016,36,53
Slovenia,2016,39,53
Solomon Islands,2016,25,43
Somalia,2016,0,2
Somaliland,2016,15,25
South Africa,2016,33,46
South Korea,2016,34,49
South Ossetia,2016,2,9
South Sudan,2016,2,12
Spain,2016,39,56
Sri Lanka,2016,23,32
St. Kitts and Nevis,2016,35,53
St. Lucia,2016,39,53
St. Vincent and the Grenadines,2016,37,54
Sudan,2016,2,4
Suriname,2016,34,43
Eswatini,2016,1,17
Sweden,2016,40,60
Switzerland,2016,39,57
Syria,2016,-3,2
Taiwan,2016,37,52
Tajikistan,2016,2,14
Tanzania,2016,27,33
Thailand,2016,7,25
The Gambia,2016,5,13
Tibet,2016,-2,3
Timor-Leste,2016,29,36
Togo,2016,18,30
Tonga,2016,31,44
Transnistria,2016,10,14
Trinidad and Tobago,2016,33,48
Tunisia,2016,37,42
Turkey,2016,24,29
Turkmenistan,2016,0,4
Tuvalu,2016,37,57
Uganda,2016,11,25
Ukraine,2016,25,36
United Arab Emirates,2016,7,13
United Kingdom,2016,40,55
USA,2016,36,54
Uruguay,2016,40,58
Uzbekistan,2016,0,3
Vanuatu,2016,31,47
Venezuela,2016,15,20
Vietnam,2016,3,17
West Bank,2016,6,24
Western Sahara,2016,-3,7
Yemen,2016,4,13
Zambia,2016,26,34
Zimbabwe,2016,12,20
Abkhazia,2015,18,23
Afghanistan,2015,11,13
Albania,2015,27,40
Algeria,2015,11,23
Andorra,2015,39,57
Angola,2015,10,18
Antigua and Barbuda,2015,31,49
Argentina,2015,31,49
Armenia,2015,16,30
Australia,2015,39,58
Austria,2015,38,58
Azerbaijan,2015,6,14
Bahamas,2015,38,58
Bahrain,2015,5,10
Bangladesh,2015,21,29
Barbados,2015,40,59
Belarus,2015,4,10
Belgium,2015,40,57
Belize,2015,36,51
Benin,2015,32,49
Bhutan,2015,29,27
Bolivia,2015,29,39
Bosnia and Herzegovina,2015,23,37
Botswana,2015,28,45
Brazil,2015,33,48
Brunei,2015,7,23
Bulgaria,2015,33,46
Burkina Faso,2015,9,36
Burundi,2015,11,21
Cambodia,2015,11,20
Cameroon,2015,9,16
Canada,2015,39,59
Cabo Verde,2015,37,53
Central African Republic,2015,0,6
Chad,2015,5,16
Chile,2015,39,56
China,2015,2,15
Colombia,2015,29,34
Comoros,2015,25,30
Congo (Brazzaville),2015,7,23
Congo (Kinshasa),2015,9,16
Costa Rica,2015,37,53
Cote d'Ivoire,2015,17,29
Crimea,2015,-1,11
Croatia,2015,36,50
Cuba,2015,1,13
Cyprus,2015,37,56
Czech Republic,2015,38,57
Denmark,2015,40,58
Djibouti,2015,9,19
Dominica,2015,38,57
Dominican Republic,2015,30,43
Ecuador,2015,24,35
Egypt,2015,8,18
El Salvador,2015,35,40
Equatorial Guinea,2015,1,7
Eritrea,2015,1,2
Estonia,2015,39,56
Ethiopia,2015,7,11
Fiji,2015,26,34
Finland,2015,40,60
France,2015,38,57
Gabon,2015,9,25
Gaza Strip,2015,5,10
Georgia,2015,26,38
Germany,2015,39,57
Ghana,2015,37,47
Greece,2015,35,48
Grenada,2015,38,51
Guatemala,2015,24,31
Guinea,2015,17,24
Guinea-Bissau,2015,17,23
Guyana,2015,30,41
Haiti,2015,17,24
Honduras,2015,20,29
Hong Kong,2015,16,49
Hungary,2015,32,50
Iceland,2015,39,60
India,2015,35,43
Indian Kashmir,2015,22,29
Indonesia,2015,30,34
Iran,2015,7,10
Iraq,2015,11,13
Ireland,2015,39,58
Israel,2015,36,44
Italy,2015,36,53
Jamaica,2015,34,40
Japan,2015,39,55
Jordan,2015,11,25
Kazakhstan,2015,6,18
Kenya,2015,22,29
Kiribati,2015,36,55
Kosovo,2015,23,29
Kuwait,2015,14,23
Kyrgyzstan,2015,14,24
Laos,2015,1,11
Latvia,2015,34,51
Lebanon,2015,14,30
Lesotho,2015,30,41
Liberia,2015,26,30
Libya,2015,8,15
Liechtenstein,2015,39,59
Lithuania,2015,38,53
Luxembourg,2015,38,60
North Macedonia,2015,23,37
Madagascar,2015,22,30
Malawi,2015,27,34
Malaysia,2015,19,27
Maldives,2015,20,28
Mali,2015,17,27
Malta,2015,39,58
Marshall Islands,2015,36,55
Mauritania,2015,9,22
Mauritius,2015,38,52
Mexico,2015,28,36
Micronesia,2015,37,56
Moldova,2015,28,35
Monaco,2015,31,57
Mongolia,2015,36,50
Montenegro,2015,27,44
Morocco,2015,15,27
Mozambique,2015,23,35
Myanmar,2015,9,16
Nagorno-Karabakh,2015,12,18
Namibia,2015,30,46
Nauru,2015,37,51
Nepal,2015,24,27
Netherlands,2015,40,59
New Zealand,2015,39,58
Nicaragua,2015,19,35
Niger,2015,26,30
Nigeria,2015,18,25
North Korea,2015,0,3
Northern Cyprus,2015,32,47
Norway,2015,40,60
Oman,2015,9,17
Pakistan,2015,20,22
Pakistani Kashmir,2015,9,20
Palau,2015,37,55
Panama,2015,35,47
Papua New Guinea,2015,23,36
Paraguay,2015,27,38
Peru,2015,30,41
Philippines,2015,26,37
Poland,2015,38,55
Portugal,2015,39,58
Puerto Rico,2015,37,52
Qatar,2015,10,18
Romania,2015,34,49
Russia,2015,7,16
Rwanda,2015,9,16
Samoa,2015,32,49
San Marino,2015,40,60
Sao Tome and Principe,2015,34,47
Saudi Arabia,2015,3,7
Senegal,2015,33,45
Serbia,2015,31,49
Seychelles,2015,25,42
Sierra Leone,2015,28,37
Singapore,2015,19,32
Slovakia,2015,37,53
Slovenia,2015,38,53
Solomon Islands,2015,25,43
Somalia,2015,0,2
Somaliland,2015,21,25
South Africa,2015,33,48
South Korea,2015,34,50
South Ossetia,2015,1,9
South Sudan,2015,2,13
Spain,2015,39,57
Sri Lanka,2015,16,25
St. Kitts and Nevis,2015,37,53
St. Lucia,2015,39,53
St. Vincent and the Grenadines,2015,36,54
Sudan,2015,2,4
Suriname,2015,33,44
Eswatini,2015,1,17
Sweden,2015,40,59
Switzerland,2015,39,57
Syria,2015,-3,2
Taiwan,2015,37,51
Tajikistan,2015,7,15
Tanzania,2015,28,35
Thailand,2015,8,25
The Gambia,2015,7,13
Tibet,2015,-2,3
Timor-Leste,2015,29,36
Togo,2015,18,29
Tonga,2015,31,44
Transnistria,2015,10,14
Trinidad and Tobago,2015,33,48
Tunisia,2015,36,43
Turkey,2015,26,29
Turkmenistan,2015,1,5
Tuvalu,2015,37,57
Uganda,2015,11,25
Ukraine,2015,25,37
United Arab Emirates,2015,8,13
United Kingdom,2015,40,57
USA,2015,37,55
Uruguay,2015,40,58
Uzbekistan,2015,0,4
Vanuatu,2015,32,47
Venezuela,2015,13,22
Vietnam,2015,3,17
West Bank,2015,6,25
Western Sahara,2015,-2,7
Yemen,2015,9,16
Zambia,2015,26,34
Zimbabwe,2015,12,16
Abkhazia,2014,18,22
Afghanistan,2014,11,15
Albania,2014,27,40
Algeria,2014,11,23
Andorra,2014,39,57
Angola,2014,11,18
Antigua and Barbuda,2014,31,49
Argentina,2014,31,49
Armenia,2014,14,29
Australia,2014,39,58
Austria,2014,38,58
Azerbaijan,2014,6,16
Bahamas,2014,38,58
Bahrain,2014,6,10
Bangladesh,2014,24,29
Barbados,2014,40,59
Belarus,2014,4,10
Belgium,2014,40,57
Belize,2014,36,51
Benin,2014,32,48
Bhutan,2014,28,27
Bolivia,2014,29,38
Bosnia and Herzegovina,2014,24,37
Botswana,2014,28,46
Brazil,2014,33,48
Brunei,2014,7,23
Bulgaria,2014,31,47
Burkina Faso,2014,17,36
Burundi,2014,12,22
Cambodia,2014,10,20
Cameroon,2014,8,16
Canada,2014,39,59
Cabo Verde,2014,37,53
Central African Republic,2014,0,6
Chad,2014,5,16
Chile,2014,39,56
China,2014,2,15
Colombia,2014,28,34
Comoros,2014,25,30
Congo (Brazzaville),2014,7,23
Congo (Kinshasa),2014,9,11
Costa Rica,2014,37,53
Cote d'Ivoire,2014,17,28
Croatia,2014,36,50
Cuba,2014,1,11
Cyprus,2014,37,55
Czech Republic,2014,37,57
Denmark,2014,40,58
Djibouti,2014,9,20
Dominica,2014,38,57
Dominican Republic,2014,30,43
Ecuador,2014,24,36
Egypt,2014,9,22
El Salvador,2014,35,42
Equatorial Guinea,2014,1,7
Eritrea,2014,1,2
Estonia,2014,39,56
Ethiopia,2014,7,11
Fiji,2014,7,30
Finland,2014,40,60
France,2014,38,57
Gabon,2014,9,25
Gaza Strip,2014,5,10
Georgia,2014,25,38
Germany,2014,39,57
Ghana,2014,37,47
Greece,2014,35,48
Grenada,2014,38,51
Guatemala,2014,24,32
Guinea,2014,17,24
Guinea-Bissau,2014,9,23
Guyana,2014,31,41
Haiti,2014,18,25
Honduras,2014,20,31
Hong Kong,2014,16,51
Hungary,2014,36,52
Iceland,2014,40,60
India,2014,34,43
Indian Kashmir,2014,20,29
Indonesia,2014,30,34
Iran,2014,7,10
Iraq,2014,12,13
Ireland,2014,39,58
Israel,2014,36,45
Italy,2014,37,53
Jamaica,2014,34,40
Japan,2014,37,53
Jordan,2014,11,24
Kazakhstan,2014,6,19
Kenya,2014,22,31
Kiribati,2014,36,55
Kosovo,2014,17,26
Kuwait,2014,16,23
Kyrgyzstan,2014,14,25
Laos,2014,1,11
Latvia,2014,33,51
Lebanon,2014,16,32
Lesotho,2014,31,41
Liberia,2014,26,33
Libya,2014,21,20
Liechtenstein,2014,39,59
Lithuania,2014,37,53
Luxembourg,2014,39,60
North Macedonia,2014,26,38
Madagascar,2014,15,28
Malawi,2014,26,34
Malaysia,2014,19,28
Maldives,2014,19,29
Mali,2014,17,27
Malta,2014,39,58
Marshall Islands,2014,36,55
Mauritania,2014,11,23
Mauritius,2014,38,52
Mexico,2014,28,37
Micronesia,2014,37,56
Moldova,2014,29,35
Monaco,2014,31,57
Mongolia,2014,36,50
Montenegro,2014,27,45
Morocco,2014,15,27
Mozambique,2014,23,35
Myanmar,2014,9,17
Nagorno-Karabakh,2014,12,19
Namibia,2014,30,46
Nauru,2014,38,54
Nepal,2014,23,27
Netherlands,2014,40,59
New Zealand,2014,39,58
Nicaragua,2014,19,35
Niger,2014,26,30
Nigeria,2014,20,26
North Korea,2014,0,3
Northern Cyprus,2014,32,47
Norway,2014,40,60
Oman,2014,9,17
Pakistan,2014,21,21
Pakistani Kashmir,2014,8,21
Palau,2014,37,55
Panama,2014,35,47
Papua New Guinea,2014,24,36
Paraguay,2014,26,35
Peru,2014,30,41
Philippines,2014,26,37
Poland,2014,38,55
Portugal,2014,39,58
Puerto Rico,2014,37,52
Qatar,2014,10,18
Romania,2014,35,49
Russia,2014,7,19
Rwanda,2014,9,17
Samoa,2014,32,49
San Marino,2014,40,60
Sao Tome and Principe,2014,34,47
Saudi Arabia,2014,3,7
Senegal,2014,33,46
Serbia,2014,30,48
Seychelles,2014,25,42
Sierra Leone,2014,29,38
Singapore,2014,19,32
Slovakia,2014,37,54
Slovenia,2014,38,53
Solomon Islands,2014,22,43
Somalia,2014,0,2
Somaliland,2014,21,25
South Africa,2014,33,48
South Korea,2014,35,50
South Ossetia,2014,-3,8
South Sudan,2014,8,16
Spain,2014,39,57
Sri Lanka,2014,16,26
St. Kitts and Nevis,2014,37,53
St. Lucia,2014,39,53
St. Vincent and the Grenadines,2014,36,53
Sudan,2014,2,5
Suriname,2014,33,44
Eswatini,2014,1,19
Sweden,2014,40,59
Switzerland,2014,39,57
Syria,2014,-2,3
Taiwan,2014,36,52
Tajikistan,2014,8,16
Tanzania,2014,29,35
Thailand,2014,22,32
The Gambia,2014,7,14
Tibet,2014,-2,3
Timor-Leste,2014,29,34
Togo,2014,18,29
Tonga,2014,31,44
Transnistria,2014,10,14
Trinidad and Tobago,2014,33,48
Tunisia,2014,27,36
Turkey,2014,28,32
Turkmenistan,2014,1,6
Tuvalu,2014,37,57
Uganda,2014,11,26
Ukraine,2014,20,35
United Arab Emirates,2014,8,13
United Kingdom,2014,40,57
USA,2014,37,55
Uruguay,2014,40,58
Uzbekistan,2014,0,4
Vanuatu,2014,32,47
Venezuela,2014,14,24
Vietnam,2014,3,17
West Bank,2014,7,24
Western Sahara,2014,-2,7
Yemen,2014,10,16
Zambia,2014,25,34
Zimbabwe,2014,12,16
Abkhazia,2013,18,22
Afghanistan,2013,11,16
Albania,2013,24,39
Algeria,2013,11,24
Andorra,2013,39,57
Angola,2013,11,19
Antigua and Barbuda,2013,31,49
Argentina,2013,31,49
Armenia,2013,13,29
Australia,2013,39,58
Austria,2013,38,58
Azerbaijan,2013,6,17
Bahamas,2013,38,58
Bahrain,2013,6,12
Bangladesh,2013,25,31
Barbados,2013,40,59
Belarus,2013,4,10
Belgium,2013,40,57
Belize,2013,37,51
Benin,2013,32,50
Bhutan,2013,22,24
Bolivia,2013,29,40
Bosnia and Herzegovina,2013,25,37
Botswana,2013,28,46
Brazil,2013,33,48
Brunei,2013,7,23
Bulgaria,2013,34,47
Burkina Faso,2013,17,36
Burundi,2013,12,22
Cambodia,2013,9,20
Cameroon,2013,7,16
Canada,2013,40,58
Cabo Verde,2013,37,53
Central African Republic,2013,16,19
Chad,2013,5,16
Chile,2013,39,57
China,2013,2,15
Colombia,2013,27,34
Comoros,2013,25,30
Congo (Brazzaville),2013,7,22
Congo (Kinshasa),2013,9,11
Costa Rica,2013,38,53
Cote d'Ivoire,2013,13,21
Croatia,2013,36,50
Cuba,2013,1,10
Cyprus,2013,38,55
Czech Republic,2013,38,57
Denmark,2013,40,58
Djibouti,2013,9,20
Dominica,2013,38,57
Dominican Republic,2013,31,44
Ecuador,2013,24,36
Egypt,2013,16,25
El Salvador,2013,35,42
Equatorial Guinea,2013,1,7
Eritrea,2013,1,2
Estonia,2013,39,56
Ethiopia,2013,7,11
Fiji,2013,7,30
Finland,2013,40,60
France,2013,38,57
Gabon,2013,9,25
Gaza Strip,2013,9,10
Georgia,2013,24,36
Germany,2013,39,57
Ghana,2013,37,47
Greece,2013,35,48
Grenada,2013,38,51
Guatemala,2013,24,33
Guinea,2013,15,24
Guinea-Bissau,2013,7,23
Guyana,2013,31,40
Haiti,2013,19,24
Honduras,2013,18,33
Hong Kong,2013,16,51
Hungary,2013,36,52
Iceland,2013,40,60
India,2013,34,42
Indian Kashmir,2013,20,29
Indonesia,2013,30,35
Iran,2013,6,10
Iraq,2013,11,13
Ireland,2013,39,58
Israel,2013,36,45
Italy,2013,35,53
Jamaica,2013,33,40
Japan,2013,37,51
Jordan,2013,10,24
Kazakhstan,2013,6,20
Kenya,2013,21,34
Kiribati,2013,36,55
Kosovo,2013,16,26
Kuwait,2013,17,24
Kyrgyzstan,2013,14,25
Laos,2013,0,11
Latvia,2013,33,51
Lebanon,2013,17,32
Lesotho,2013,31,41
Liberia,2013,26,34
Libya,2013,22,21
Liechtenstein,2013,39,59
Lithuania,2013,37,53
Luxembourg,2013,40,60
North Macedonia,2013,26,38
Madagascar,2013,7,28
Malawi,2013,26,34
Malaysia,2013,20,28
Maldives,2013,17,29
Mali,2013,5,19
Malta,2013,39,58
Marshall Islands,2013,36,55
Mauritania,2013,11,23
Mauritius,2013,38,52
Mexico,2013,28,37
Micronesia,2013,37,56
Moldova,2013,29,36
Monaco,2013,31,56
Mongolia,2013,36,50
Montenegro,2013,27,45
Morocco,2013,16,27
Mozambique,2013,23,36
Myanmar,2013,9,17
Nagorno-Karabakh,2013,12,19
Namibia,2013,30,46
Nauru,2013,38,55
Nepal,2013,20,27
Netherlands,2013,40,59
New Zealand,2013,39,58
Nicaragua,2013,17,34
Niger,2013,26,30
Nigeria,2013,20,26
North Korea,2013,0,3
Northern Cyprus,2013,32,46
Norway,2013,40,60
Oman,2013,9,17
Pakistan,2013,20,22
Pakistani Kashmir,2013,8,21
Palau,2013,37,55
Panama,2013,36,46
Papua New Guinea,2013,23,36
Paraguay,2013,27,35
Peru,2013,30,41
Philippines,2013,26,37
Poland,2013,38,55
Portugal,2013,39,58
Puerto Rico,2013,37,52
Qatar,2013,10,18
Romania,2013,32,49
Russia,2013,7,20
Rwanda,2013,8,16
Samoa,2013,32,49
San Marino,2013,40,60
Sao Tome and Principe,2013,34,47
Saudi Arabia,2013,3,7
Senegal,2013,32,43
Serbia,2013,30,48
Seychelles,2013,25,42
Sierra Leone,2013,30,40
Singapore,2013,19,33
Slovakia,2013,37,55
Slovenia,2013,38,53
Solomon Islands,2013,22,43
Somalia,2013,0,2
Somaliland,2013,21,25
South Africa,2013,34,47
South Korea,2013,36,50
South Ossetia,2013,-3,8
South Sudan,2013,11,20
Spain,2013,39,57
Sri Lanka,2013,16,27
St. Kitts and Nevis,2013,38,53
St. Lucia,2013,39,54
St. Vincent and the Grenadines,2013,36,53
Sudan,2013,2,5
Suriname,2013,33,44
Eswatini,2013,1,20
Sweden,2013,40,60
Switzerland,2013,39,57
Syria,2013,-1,6
Taiwan,2013,36,52
Tajikistan,2013,8,16
Tanzania,2013,28,38
Thailand,2013,22,31
The Gambia,2013,7,16
Tibet,2013,-2,3
Timor-Leste,2013,29,34
Togo,2013,16,27
Tonga,2013,29,44
Transnistria,2013,10,15
Trinidad and Tobago,2013,33,48
Tunisia,2013,26,33
Turkey,2013,28,33
Turkmenistan,2013,1,6
Tuvalu,2013,37,57
Uganda,2013,12,28
Ukraine,2013,21,36
United Arab Emirates,2013,8,14
United Kingdom,2013,40,57
USA,2013,37,56
Uruguay,2013,39,58
Uzbekistan,2013,0,4
Vanuatu,2013,32,47
Venezuela,2013,15,24
Vietnam,2013,2,17
West Bank,2013,6,24
Western Sahara,2013,-2,7
Yemen,2013,9,16
Zambia,2013,28,34
Zimbabwe,2013,11,14
Abkhazia,2012,17,22
Afghanistan,2012,10,13
Albania,2012,24,39
Algeria,2012,11,24
Andorra,2012,39,57
Angola,2012,10,19
Antigua and Barbuda,2012,29,48
Argentina,2012,32,49
Armenia,2012,11,29
Australia,2012,39,57
Austria,2012,39,58
Azerbaijan,2012,6,17
Bahamas,2012,38,58
Bahrain,2012,8,12
Bangladesh,2012,25,33
Barbados,2012,40,59
Belarus,2012,4,10
Belgium,2012,40,58
Belize,2012,37,51
Benin,2012,32,49
Bhutan,2012,19,24
Bolivia,2012,28,38
Bosnia and Herzegovina,2012,23,37
Botswana,2012,29,46
Brazil,2012,33,47
Brunei,2012,7,23
Bulgaria,2012,34,47
Burkina Faso,2012,16,35
Burundi,2012,13,22
Cambodia,2012,9,21
Cameroon,2012,7,16
Canada,2012,40,59
Cabo Verde,2012,37,53
Central African Republic,2012,17,22
Chad,2012,5,16
Chile,2012,39,58
China,2012,2,14
Colombia,2012,27,34
Comoros,2012,25,30
Congo (Brazzaville),2012,7,22
Congo (Kinshasa),2012,9,11
Costa Rica,2012,38,53
Cote d'Ivoire,2012,11,13
Croatia,2012,36,50
Cuba,2012,1,10
Cyprus,2012,38,55
Czech Republic,2012,38,57
Denmark,2012,40,58
Djibouti,2012,9,20
Dominica,2012,38,58
Dominican Republic,2012,31,44
Ecuador,2012,27,36
Egypt,2012,11,24
El Salvador,2012,35,41
Equatorial Guinea,2012,1,7
Eritrea,2012,2,4
Estonia,2012,39,56
Ethiopia,2012,7,12
Fiji,2012,7,28
Finland,2012,40,60
France,2012,38,57
Gabon,2012,9,25
Gaza Strip,2012,9,10
Georgia,2012,22,36
Germany,2012,39,57
Ghana,2012,37,47
Greece,2012,35,50
Grenada,2012,38,51
Guatemala,2012,24,34
Guinea,2012,14,20
Guinea-Bissau,2012,18,27
Guyana,2012,31,41
Haiti,2012,20,25
Honduras,2012,19,33
Hong Kong,2012,16,51
Hungary,2012,36,52
Iceland,2012,40,59
India,2012,34,43
Indian Kashmir,2012,20,28
Indonesia,2012,30,35
Iran,2012,6,10
Iraq,2012,12,13
Ireland,2012,39,58
Israel,2012,36,45
Italy,2012,36,53
Jamaica,2012,33,40
Japan,2012,37,51
Jordan,2012,10,25
Kazakhstan,2012,6,21
Kenya,2012,21,36
Kiribati,2012,36,55
Kosovo,2012,15,26
Kuwait,2012,19,25
Kyrgyzstan,2012,16,25
Laos,2012,0,12
Latvia,2012,33,51
Lebanon,2012,17,34
Lesotho,2012,28,41
Liberia,2012,26,34
Libya,2012,3,14
Liechtenstein,2012,39,59
Lithuania,2012,37,53
Luxembourg,2012,40,60
North Macedonia,2012,26,39
Madagascar,2012,7,32
Malawi,2012,25,32
Malaysia,2012,20,29
Maldives,2012,24,32
Mali,2012,31,41
Malta,2012,39,58
Marshall Islands,2012,36,55
Mauritania,2012,11,22
Mauritius,2012,38,52
Mexico,2012,29,37
Micronesia,2012,37,56
Moldova,2012,28,37
Monaco,2012,31,56
Mongolia,2012,35,50
Montenegro,2012,27,45
Morocco,2012,15,28
Mozambique,2012,23,36
Myanmar,2012,4,10
Nagorno-Karabakh,2012,10,19
Namibia,2012,30,46
Nauru,2012,38,55
Nepal,2012,21,27
Netherlands,2012,40,59
New Zealand,2012,39,58
Nicaragua,2012,17,34
Niger,2012,26,30
Nigeria,2012,21,28
North Korea,2012,0,2
Northern Cyprus,2012,34,47
Norway,2012,40,60
Oman,2012,9,18
Pakistan,2012,20,23
Pakistani Kashmir,2012,8,21
Palau,2012,37,55
Panama,2012,36,47
Papua New Guinea,2012,23,36
Paraguay,2012,28,36
Peru,2012,30,41
Philippines,2012,26,36
Poland,2012,38,55
Portugal,2012,39,58
Puerto Rico,2012,37,52
Qatar,2012,10,18
Romania,2012,34,49
Russia,2012,7,21
Rwanda,2012,8,17
Samoa,2012,32,49
San Marino,2012,40,60
Sao Tome and Principe,2012,33,47
Saudi Arabia,2012,3,7
Senegal,2012,28,43
Serbia,2012,30,48
Seychelles,2012,25,42
Sierra Leone,2012,28,39
Singapore,2012,19,33
Slovakia,2012,37,55
Slovenia,2012,38,53
Solomon Islands,2012,22,42
Somalia,2012,0,1
Somaliland,2012,21,25
South Africa,2012,34,48
South Korea,2012,36,50
South Ossetia,2012,-3,8
South Sudan,2012,11,22
Spain,2012,40,57
Sri Lanka,2012,17,28
St. Kitts and Nevis,2012,39,53
St. Lucia,2012,39,53
St. Vincent and the Grenadines,2012,36,53
Sudan,2012,2,4
Suriname,2012,33,45
Eswatini,2012,1,20
Sweden,2012,40,60
Switzerland,2012,39,57
Syria,2012,0,6
Taiwan,2012,36,52
Tajikistan,2012,8,18
Tanzania,2012,28,36
Thailand,2012,21,31
The Gambia,2012,7,17
Tibet,2012,-2,3
Timor-Leste,2012,28,34
Togo,2012,17,27
Tonga,2012,29,42
Transnistria,2012,9,15
Trinidad and Tobago,2012,33,48
Tunisia,2012,25,33
Turkey,2012,28,35
Turkmenistan,2012,1,6
Tuvalu,2012,37,57
Uganda,2012,13,29
Ukraine,2012,23,37
United Arab Emirates,2012,8,16
United Kingdom,2012,40,56
USA,2012,38,55
Uruguay,2012,39,58
Uzbekistan,2012,0,4
Vanuatu,2012,32,48
Venezuela,2012,17,24
Vietnam,2012,2,17
West Bank,2012,7,24
Western Sahara,2012,-2,7
Yemen,2012,8,15
Zambia,2012,29,34
Zimbabwe,2012,8,12
Abkhazia,2011,15,22
Afghanistan,2011,10,15
Albania,2011,26,40
Algeria,2011,11,25
Andorra,2011,39,57
Angola,2011,10,21
Antigua and Barbuda,2011,29,48
Argentina,2011,32,48
Armenia,2011,11,28
Australia,2011,39,57
Austria,2011,39,58
Azerbaijan,2011,7,21
Bahamas,2011,38,58
Bahrain,2011,11,19
Bangladesh,2011,26,34
Barbados,2011,40,59
Belarus,2011,4,11
Belgium,2011,39,58
Belize,2011,37,51
Benin,2011,33,50
Bhutan,2011,19,24
Bolivia,2011,27,39
Bosnia and Herzegovina,2011,23,37
Botswana,2011,29,46
Brazil,2011,32,46
Brunei,2011,7,23
Bulgaria,2011,35,47
Burkina Faso,2011,17,36
Burundi,2011,13,22
Cambodia,2011,9,20
Cameroon,2011,7,16
Canada,2011,40,59
Cabo Verde,2011,37,53
Central African Republic,2011,15,22
Chad,2011,5,16
Chile,2011,39,58
China,2011,2,15
Colombia,2011,27,34
Comoros,2011,25,30
Congo (Brazzaville),2011,7,22
Congo (Kinshasa),2011,11,10
Costa Rica,2011,38,53
Cote d'Ivoire,2011,4,16
Croatia,2011,36,50
Cuba,2011,1,9
Cyprus,2011,38,56
Czech Republic,2011,38,57
Denmark,2011,40,57
Djibouti,2011,10,23
Dominica,2011,38,58
Dominican Republic,2011,31,45
Ecuador,2011,28,39
Egypt,2011,6,19
El Salvador,2011,34,41
Equatorial Guinea,2011,1,7
Eritrea,2011,2,5
Estonia,2011,39,56
Ethiopia,2011,8,13
Fiji,2011,7,30
Finland,2011,40,60
France,2011,38,57
Gabon,2011,9,25
Gaza Strip,2011,9,9
Georgia,2011,20,36
Germany,2011,39,57
Ghana,2011,37,47
Greece,2011,36,50
Grenada,2011,38,51
Guatemala,2011,23,34
Guinea,2011,14,22
Guinea-Bissau,2011,18,27
Guyana,2011,31,41
Haiti,2011,20,25
Honduras,2011,19,33
Hong Kong,2011,16,51
Hungary,2011,37,53
Iceland,2011,40,59
India,2011,34,42
Indian Kashmir,2011,20,25
Indonesia,2011,30,35
Iran,2011,6,11
Iraq,2011,12,13
Ireland,2011,39,58
Israel,2011,36,47
Italy,2011,37,52
Jamaica,2011,33,40
Japan,2011,37,51
Jordan,2011,10,24
Kazakhstan,2011,6,22
Kenya,2011,21,35
Kiribati,2011,36,55
Kosovo,2011,15,26
Kuwait,2011,19,25
Kyrgyzstan,2011,13,24
Laos,2011,0,12
Latvia,2011,33,52
Lebanon,2011,17,35
Lesotho,2011,29,41
Liberia,2011,24,34
Libya,2011,1,7
Liechtenstein,2011,40,60
Lithuania,2011,37,53
Luxembourg,2011,40,60
North Macedonia,2011,26,40
Madagascar,2011,7,32
Malawi,2011,26,34
Malaysia,2011,20,29
Maldives,2011,24,32
Mali,2011,31,41
Malta,2011,39,58
Marshall Islands,2011,36,55
Mauritania,2011,11,23
Mauritius,2011,38,52
Mexico,2011,29,37
Micronesia,2011,37,56
Moldova,2011,27,36
Monaco,2011,31,56
Mongolia,2011,35,50
Montenegro,2011,27,45
Morocco,2011,14,28
Mozambique,2011,23,36
Myanmar,2011,0,5
Nagorno-Karabakh,2011,10,19
Namibia,2011,30,45
Nauru,2011,38,55
Nepal,2011,20,28
Netherlands,2011,40,58
New Zealand,2011,39,58
Nicaragua,2011,20,34
Niger,2011,12,30
Nigeria,2011,19,29
North Korea,2011,0,1
Northern Cyprus,2011,34,47
Norway,2011,40,60
Oman,2011,9,18
Pakistan,2011,20,24
Pakistani Kashmir,2011,8,21
Palau,2011,37,55
Panama,2011,36,47
Papua New Guinea,2011,23,36
Paraguay,2011,28,36
Peru,2011,31,41
Philippines,2011,25,36
Poland,2011,38,55
Portugal,2011,39,58
Puerto Rico,2011,37,53
Qatar,2011,10,18
Romania,2011,34,49
Russia,2011,7,20
Rwanda,2011,8,19
Samoa,2011,32,49
San Marino,2011,40,60
Sao Tome and Principe,2011,33,47
Saudi Arabia,2011,3,9
Senegal,2011,28,43
Serbia,2011,30,48
Seychelles,2011,25,42
Sierra Leone,2011,27,37
Singapore,2011,17,31
Slovakia,2011,37,53
Slovenia,2011,38,53
Solomon Islands,2011,22,42
Somalia,2011,0,1
Somaliland,2011,20,25
South Africa,2011,35,48
South Korea,2011,36,50
South Ossetia,2011,-3,10
Spain,2011,40,57
Sri Lanka,2011,17,28
St. Kitts and Nevis,2011,39,53
St. Lucia,2011,39,53
St. Vincent and the Grenadines,2011,36,53
Sudan,2011,5,6
Suriname,2011,33,45
Eswatini,2011,3,20
Sweden,2011,40,60
Switzerland,2011,39,57
Syria,2011,1,8
Taiwan,2011,36,51
Tajikistan,2011,8,18
Tanzania,2011,28,36
Thailand,2011,12,30
The Gambia,2011,15,23
Tibet,2011,-2,3
Timor-Leste,2011,28,34
Togo,2011,16,26
Tonga,2011,29,42
Transnistria,2011,7,15
Trinidad and Tobago,2011,33,49
Tunisia,2011,5,18
Turkey,2011,27,36
Turkmenistan,2011,1,7
Tuvalu,2011,37,57
Uganda,2011,15,30
Ukraine,2011,27,40
United Arab Emirates,2011,8,19
United Kingdom,2011,40,57
USA,2011,38,56
Uruguay,2011,39,58
Uzbekistan,2011,0,4
Vanuatu,2011,32,48
Venezuela,2011,17,25
Vietnam,2011,2,18
West Bank,2011,7,25
Western Sahara,2011,-2,10
Yemen,2011,11,18
Zambia,2011,25,33
Zimbabwe,2011,8,13
Abkhazia,2010,14,21
Afghanistan,2010,11,16
Albania,2010,26,39
Algeria,2010,11,25
Andorra,2010,39,57
Angola,2010,10,21
Antigua and Barbuda,2010,29,47
Argentina,2010,32,48
Armenia,2010,11,28
Australia,2010,39,57
Austria,2010,39,58
Azerbaijan,2010,8,21
Bahamas,2010,38,58
Bahrain,2010,11,21
Bangladesh,2010,26,33
Barbados,2010,40,59
Belarus,2010,4,11
Belgium,2010,40,58
Belize,2010,37,51
Benin,2010,32,48
Bhutan,2010,19,24
Bolivia,2010,28,40
Bosnia and Herzegovina,2010,23,38
Botswana,2010,29,46
Brazil,2010,32,45
Brunei,2010,7,23
Bulgaria,2010,35,47
Burkina Faso,2010,17,35
Burundi,2010,22,23
Cambodia,2010,11,21
Cameroon,2010,8,16
Canada,2010,40,59
Cabo Verde,2010,37,53
Central African Republic,2010,17,22
Chad,2010,5,15
Chile,2010,39,58
China,2010,1,16
Colombia,2010,26,33
Comoros,2010,25,30
Congo (Brazzaville),2010,7,22
Congo (Kinshasa),2010,11,10
Costa Rica,2010,38,53
Cote d'Ivoire,2010,6,20
Croatia,2010,36,50
Cuba,2010,1,8
Cyprus,2010,38,56
Czech Republic,2010,38,57
Denmark,2010,40,56
Djibouti,2010,12,23
Dominica,2010,38,58
Dominican Republic,2010,33,45
Ecuador,2010,29,39
Egypt,2010,7,20
El Salvador,2010,34,40
Equatorial Guinea,2010,1,7
Eritrea,2010,3,5
Estonia,2010,39,56
Ethiopia,2010,13,18
Fiji,2010,7,31
Finland,2010,40,60
France,2010,38,58
Gabon,2010,9,25
Georgia,2010,20,34
Germany,2010,39,57
Ghana,2010,37,47
Greece,2010,36,50
Grenada,2010,38,52
Guatemala,2010,23,33
Guinea,2010,2,13
Guinea-Bissau,2010,21,27
Guyana,2010,31,41
Haiti,2010,22,25
Honduras,2010,18,33
Hong Kong,2010,16,52
Hungary,2010,37,54
Iceland,2010,40,59
India,2010,34,42
Indian Kashmir,2010,20,26
Indonesia,2010,30,35
Iran,2010,7,13
Iraq,2010,12,14
Ireland,2010,39,58
Israel,2010,36,46
Israeli Occupied Territories,2010,6,15
Italy,2010,37,52
Jamaica,2010,34,41
Japan,2010,37,51
Jordan,2010,10,24
Kazakhstan,2010,7,21
Kenya,2010,19,33
Kiribati,2010,36,55
Kosovo,2010,14,26
Kuwait,2010,19,27
Kyrgyzstan,2010,11,25
Laos,2010,1,12
Latvia,2010,33,53
Lebanon,2010,17,35
Lesotho,2010,29,41
Liberia,2010,24,34
Libya,2010,1,7
Liechtenstein,2010,40,60
Lithuania,2010,37,53
Luxembourg,2010,40,60
North Macedonia,2010,25,38
Madagascar,2010,9,32
Malawi,2010,26,34
Malaysia,2010,20,29
Maldives,2010,25,32
Mali,2010,31,40
Malta,2010,39,58
Marshall Islands,2010,36,55
Mauritania,2010,11,23
Mauritius,2010,38,52
Mexico,2010,30,39
Micronesia,2010,37,56
Moldova,2010,25,33
Monaco,2010,31,56
Mongolia,2010,35,50
Montenegro,2010,25,44
Morocco,2010,14,28
Mozambique,2010,23,36
Myanmar,2010,-3,5
Nagorno-Karabakh,2010,13,19
Namibia,2010,30,46
Nauru,2010,38,55
Nepal,2010,21,29
Netherlands,2010,40,59
New Zealand,2010,39,58
Nicaragua,2010,20,34
Niger,2010,13,29
Nigeria,2010,16,29
North Korea,2010,0,1
Northern Cyprus,2010,34,47
Norway,2010,40,60
Oman,2010,9,18
Pakistan,2010,19,24
Pakistani Kashmir,2010,8,21
Palau,2010,37,55
Palestinian Authority Administered Territories,2010,11,14
Panama,2010,36,47
Papua New Guinea,2010,23,36
Paraguay,2010,28,36
Peru,2010,31,41
Philippines,2010,21,36
Poland,2010,38,55
Portugal,2010,39,58
Puerto Rico,2010,37,55
Qatar,2010,10,18
Romania,2010,34,49
Russia,2010,7,20
Rwanda,2010,10,24
Samoa,2010,32,49
San Marino,2010,40,60
Sao Tome and Principe,2010,33,47
Saudi Arabia,2010,3,9
Senegal,2010,29,43
Serbia,2010,30,48
Seychelles,2010,25,42
Sierra Leone,2010,27,37
Singapore,2010,17,31
Slovakia,2010,37,53
Slovenia,2010,38,53
Solomon Islands,2010,22,42
Somalia,2010,0,1
Somaliland,2010,16,24
South Africa,2010,35,49
South Korea,2010,36,50
South Ossetia,2010,-3,8
Spain,2010,40,57
Sri Lanka,2010,22,30
St. Kitts and Nevis,2010,39,53
St. Lucia,2010,39,53
St. Vincent and the Grenadines,2010,35,53
Sudan,2010,3,6
Suriname,2010,33,45
Eswatini,2010,3,21
Sweden,2010,40,60
Switzerland,2010,39,57
Syria,2010,1,8
Taiwan,2010,36,52
Tajikistan,2010,8,19
Tanzania,2010,21,36
Thailand,2010,12,32
The Gambia,2010,15,24
Tibet,2010,-2,3
Timor-Leste,2010,28,34
Togo,2010,16,27
Tonga,2010,15,40
Transnistria,2010,7,15
Trinidad and Tobago,2010,32,49
Tunisia,2010,5,18
Turkey,2010,27,36
Turkmenistan,2010,1,7
Tuvalu,2010,37,57
Uganda,2010,15,30
Ukraine,2010,28,45
United Arab Emirates,2010,8,19
United Kingdom,2010,40,56
USA,2010,38,56
Uruguay,2010,39,58
Uzbekistan,2010,0,4
Vanuatu,2010,32,48
Venezuela,2010,16,27
Vietnam,2010,2,19
Western Sahara,2010,-2,10
Yemen,2010,11,18
Zambia,2010,26,34
Zimbabwe,2010,7,10
